{"type":"Topology","arcs":[[[136,454],[64,-59],[-12,-33]],[[188,362],[-64,-31]],[[124,331],[-55,40],[-3,79]],[[66,450],[70,4]],[[364,285],[-109,59],[-67,18]],[[136,454],[63,82],[-17,52],[54,37],[70,-3],[50,40]],[[356,662],[51,2],[-26,-154],[47,-20],[-60,-42],[10,-65],[-28,-37],[14,-61]],[[66,450],[-66,81],[57,16],[-56,65],[108,1],[23,36],[70,9],[64,32],[90,-28]],[[364,285],[-70,-40],[-32,-85],[-4,-137],[-90,-23],[8,41],[-93,137],[32,37],[9,116]]],"transform":{"scale":[0.0004895007126168342,0.0006194099565217497],"translate":[120.92536221600005,14.355170370000051]},"objects":{"provdists-region-1300000000":{"type":"GeometryCollection","geometries":[{"arcs":[[0,1,2,3]],"type":"Polygon","properties":{"adm1_psgc":1300000000,"adm2_psgc":1303900000,"adm2_en":"NCR, City of Manila, First District (Not a Province)","geo_level":"Dist","len_crs":65456,"area_crs":41975413,"len_km":65,"area_km2":41},"id":1303900000},{"arcs":[[4,-1,5,6]],"type":"Polygon","properties":{"adm1_psgc":1300000000,"adm2_psgc":1307400000,"adm2_en":"NCR, Second District (Not a Province)","geo_level":"Dist","len_crs":103620,"area_crs":233830886,"len_km":103,"area_km2":233},"id":1307400000},{"arcs":[[-6,-4,7]],"type":"Polygon","properties":{"adm1_psgc":1300000000,"adm2_psgc":1307500000,"adm2_en":"NCR, Third District (Not a Province)","geo_level":"Dist","len_crs":103619,"area_crs":126134749,"len_km":103,"area_km2":126},"id":1307500000},{"arcs":[[8,-2,-5]],"type":"Polygon","properties":{"adm1_psgc":1300000000,"adm2_psgc":1307600000,"adm2_en":"NCR, Fourth District (Not a Province)","geo_level":"Dist","len_crs":102146,"area_crs":196785340,"len_km":102,"area_km2":196},"id":1307600000}]}}}