{"type":"Topology","arcs":[[[133,276],[-43,-81]],[[90,195],[-23,-15]],[[67,180],[-67,85],[94,64]],[[94,329],[39,-53]],[[63,134],[23,-18]],[[86,116],[8,-41]],[[94,75],[-35,-75],[-54,7],[14,111],[44,16]],[[233,163],[-10,-44],[-129,-44]],[[86,116],[147,47]],[[226,199],[-136,-4]],[[133,276],[71,1]],[[204,277],[22,-78]],[[226,199],[7,-36]],[[63,134],[4,46]],[[94,329],[6,91],[116,-42],[-12,-101]]],"transform":{"scale":[0.004590909257510573,0.005393258940476168],"translate":[120.49781832400004,16.19803365700005]},"objects":{"provdists-region-1400000000":{"type":"GeometryCollection","geometries":[{"arcs":[[0,1,2,3]],"type":"Polygon","properties":{"adm1_psgc":1400000000,"adm2_psgc":1400100000,"adm2_en":"Abra","geo_level":"Prov","len_crs":286954,"area_crs":3928807754,"len_km":286,"area_km2":3928},"id":1400100000},{"arcs":[[4,5,6]],"type":"Polygon","properties":{"adm1_psgc":1400000000,"adm2_psgc":1401100000,"adm2_en":"Benguet","geo_level":"Prov","len_crs":239663,"area_crs":2834910329,"len_km":239,"area_km2":2834},"id":1401100000},{"arcs":[[7,-6,8]],"type":"Polygon","properties":{"adm1_psgc":1400000000,"adm2_psgc":1402700000,"adm2_en":"Ifugao","geo_level":"Prov","len_crs":241017,"area_crs":2506937851,"len_km":241,"area_km2":2506},"id":1402700000},{"arcs":[[9,-1,10,11]],"type":"Polygon","properties":{"adm1_psgc":1400000000,"adm2_psgc":1403200000,"adm2_en":"Kalinga","geo_level":"Prov","len_crs":271958,"area_crs":2825184043,"len_km":271,"area_km2":2825},"id":1403200000},{"arcs":[[12,-9,-5,13,-2,-10]],"type":"Polygon","properties":{"adm1_psgc":1400000000,"adm2_psgc":1404400000,"adm2_en":"Mountain Province","geo_level":"Prov","len_crs":260383,"area_crs":2112907213,"len_km":260,"area_km2":2112},"id":1404400000},{"arcs":[[-11,-4,14]],"type":"Polygon","properties":{"adm1_psgc":1400000000,"adm2_psgc":1408100000,"adm2_en":"Apayao","geo_level":"Prov","len_crs":348199,"area_crs":3989271372,"len_km":348,"area_km2":3989},"id":1408100000}]}}}