Month,Commodity Group,Inflation
January,0 - ALL ITEMS,7.8
January,01 - FOOD AND NON-ALCOHOLIC BEVERAGES,9.6
January,02 - ALCOHOLIC BEVERAGES AND TOBACCO,6.9
January,03 - CLOTHING AND FOOTWEAR,3.1
January,"04 - HOUSING, WATER, ELECTRICITY, GAS, AND OTHER FUELS",4.5
January,"05 - FURNISHINGS, HOUSEHOLD EQUIPMENT AND ROUTINE HOUSEHOLD MAINTENANCE",3.8
January,06 - HEALTH,1.2
January,07 - TRANSPORT,3.1
January,08 - INFORMATION AND COMMUNICATION,1.6
January,"09 - RECREATION, SPORT AND CULTURE",3.8
January,10 - EDUCATION SERVICES,3.7
January,11 - RESTAURANTS AND ACCOMMODATION SERVICES,12.0
January,12 - FINANCIAL SERVICES,0.0
January,"13 - PERSONAL CARE, AND MISCELLANEOUS GOODS AND SERVICES",2.8
February,0 - ALL ITEMS,7.5
February,01 - FOOD AND NON-ALCOHOLIC BEVERAGES,9.1
February,02 - ALCOHOLIC BEVERAGES AND TOBACCO,6.9
February,03 - CLOTHING AND FOOTWEAR,3.1
February,"04 - HOUSING, WATER, ELECTRICITY, GAS, AND OTHER FUELS",4.7
February,"05 - FURNISHINGS, HOUSEHOLD EQUIPMENT AND ROUTINE HOUSEHOLD MAINTENANCE",3.8
February,06 - HEALTH,1.2
February,07 - TRANSPORT,3.0
February,08 - INFORMATION AND COMMUNICATION,1.7
February,"09 - RECREATION, SPORT AND CULTURE",3.9
February,10 - EDUCATION SERVICES,3.7
February,11 - RESTAURANTS AND ACCOMMODATION SERVICES,12.3
February,12 - FINANCIAL SERVICES,0.0
February,"13 - PERSONAL CARE, AND MISCELLANEOUS GOODS AND SERVICES",3.0
March,0 - ALL ITEMS,7.8
March,01 - FOOD AND NON-ALCOHOLIC BEVERAGES,10.2
March,02 - ALCOHOLIC BEVERAGES AND TOBACCO,7.1
March,03 - CLOTHING AND FOOTWEAR,3.1
March,"04 - HOUSING, WATER, ELECTRICITY, GAS, AND OTHER FUELS",3.8
March,"05 - FURNISHINGS, HOUSEHOLD EQUIPMENT AND ROUTINE HOUSEHOLD MAINTENANCE",4.0
March,06 - HEALTH,1.1
March,07 - TRANSPORT,0.5
March,08 - INFORMATION AND COMMUNICATION,1.6
March,"09 - RECREATION, SPORT AND CULTURE",3.6
March,10 - EDUCATION SERVICES,3.7
March,11 - RESTAURANTS AND ACCOMMODATION SERVICES,13.6
March,12 - FINANCIAL SERVICES,0.0
March,"13 - PERSONAL CARE, AND MISCELLANEOUS GOODS AND SERVICES",3.1
April,0 - ALL ITEMS,6.7
April,01 - FOOD AND NON-ALCOHOLIC BEVERAGES,8.7
April,02 - ALCOHOLIC BEVERAGES AND TOBACCO,7.1
April,03 - CLOTHING AND FOOTWEAR,3.2
April,"04 - HOUSING, WATER, ELECTRICITY, GAS, AND OTHER FUELS",3.5
April,"05 - FURNISHINGS, HOUSEHOLD EQUIPMENT AND ROUTINE HOUSEHOLD MAINTENANCE",3.8
April,06 - HEALTH,0.7
April,07 - TRANSPORT,-1.4
April,08 - INFORMATION AND COMMUNICATION,1.6
April,"09 - RECREATION, SPORT AND CULTURE",3.4
April,10 - EDUCATION SERVICES,3.7
April,11 - RESTAURANTS AND ACCOMMODATION SERVICES,13.2
April,12 - FINANCIAL SERVICES,0.0
April,"13 - PERSONAL CARE, AND MISCELLANEOUS GOODS AND SERVICES",3.1
May,0 - ALL ITEMS,6.1
May,01 - FOOD AND NON-ALCOHOLIC BEVERAGES,7.6
May,02 - ALCOHOLIC BEVERAGES AND TOBACCO,9.5
May,03 - CLOTHING AND FOOTWEAR,3.1
May,"04 - HOUSING, WATER, ELECTRICITY, GAS, AND OTHER FUELS",3.6
May,"05 - FURNISHINGS, HOUSEHOLD EQUIPMENT AND ROUTINE HOUSEHOLD MAINTENANCE",4.1
May,06 - HEALTH,0.7
May,07 - TRANSPORT,-2.8
May,08 - INFORMATION AND COMMUNICATION,1.6
May,"09 - RECREATION, SPORT AND CULTURE",3.6
May,10 - EDUCATION SERVICES,3.7
May,11 - RESTAURANTS AND ACCOMMODATION SERVICES,12.4
May,12 - FINANCIAL SERVICES,0.0
May,"13 - PERSONAL CARE, AND MISCELLANEOUS GOODS AND SERVICES",3.2
June,0 - ALL ITEMS,6.0
June,01 - FOOD AND NON-ALCOHOLIC BEVERAGES,7.6
June,02 - ALCOHOLIC BEVERAGES AND TOBACCO,9.6
June,03 - CLOTHING AND FOOTWEAR,3.2
June,"04 - HOUSING, WATER, ELECTRICITY, GAS, AND OTHER FUELS",3.1
June,"05 - FURNISHINGS, HOUSEHOLD EQUIPMENT AND ROUTINE HOUSEHOLD MAINTENANCE",4.0
June,06 - HEALTH,0.6
June,07 - TRANSPORT,-4.6
June,08 - INFORMATION AND COMMUNICATION,1.3
June,"09 - RECREATION, SPORT AND CULTURE",3.3
June,10 - EDUCATION SERVICES,3.7
June,11 - RESTAURANTS AND ACCOMMODATION SERVICES,12.3
June,12 - FINANCIAL SERVICES,0.0
June,"13 - PERSONAL CARE, AND MISCELLANEOUS GOODS AND SERVICES",3.5
July,0 - ALL ITEMS,5.1
July,01 - FOOD AND NON-ALCOHOLIC BEVERAGES,6.6
July,02 - ALCOHOLIC BEVERAGES AND TOBACCO,9.8
July,03 - CLOTHING AND FOOTWEAR,3.0
July,"04 - HOUSING, WATER, ELECTRICITY, GAS, AND OTHER FUELS",2.5
July,"05 - FURNISHINGS, HOUSEHOLD EQUIPMENT AND ROUTINE HOUSEHOLD MAINTENANCE",3.7
July,06 - HEALTH,0.4
July,07 - TRANSPORT,-6.6
July,08 - INFORMATION AND COMMUNICATION,1.3
July,"09 - RECREATION, SPORT AND CULTURE",3.4
July,10 - EDUCATION SERVICES,3.7
July,11 - RESTAURANTS AND ACCOMMODATION SERVICES,12.5
July,12 - FINANCIAL SERVICES,0.0
July,"13 - PERSONAL CARE, AND MISCELLANEOUS GOODS AND SERVICES",3.7
August,0 - ALL ITEMS,5.1
August,01 - FOOD AND NON-ALCOHOLIC BEVERAGES,6.1
August,02 - ALCOHOLIC BEVERAGES AND TOBACCO,8.4
August,03 - CLOTHING AND FOOTWEAR,3.4
August,"04 - HOUSING, WATER, ELECTRICITY, GAS, AND OTHER FUELS",2.1
August,"05 - FURNISHINGS, HOUSEHOLD EQUIPMENT AND ROUTINE HOUSEHOLD MAINTENANCE",2.9
August,06 - HEALTH,0.6
August,07 - TRANSPORT,-0.5
August,08 - INFORMATION AND COMMUNICATION,0.8
August,"09 - RECREATION, SPORT AND CULTURE",4.0
August,10 - EDUCATION SERVICES,4.2
August,11 - RESTAURANTS AND ACCOMMODATION SERVICES,11.3
August,12 - FINANCIAL SERVICES,0.0
August,"13 - PERSONAL CARE, AND MISCELLANEOUS GOODS AND SERVICES",4.0
September,0 - ALL ITEMS,6.4
September,01 - FOOD AND NON-ALCOHOLIC BEVERAGES,8.3
September,02 - ALCOHOLIC BEVERAGES AND TOBACCO,8.2
September,03 - CLOTHING AND FOOTWEAR,3.2
September,"04 - HOUSING, WATER, ELECTRICITY, GAS, AND OTHER FUELS",2.3
September,"05 - FURNISHINGS, HOUSEHOLD EQUIPMENT AND ROUTINE HOUSEHOLD MAINTENANCE",2.6
September,06 - HEALTH,0.8
September,07 - TRANSPORT,-2.2
September,08 - INFORMATION AND COMMUNICATION,0.7
September,"09 - RECREATION, SPORT AND CULTURE",7.8
September,10 - EDUCATION SERVICES,7.5
September,11 - RESTAURANTS AND ACCOMMODATION SERVICES,10.9
September,12 - FINANCIAL SERVICES,0.0
September,"13 - PERSONAL CARE, AND MISCELLANEOUS GOODS AND SERVICES",4.1
October,0 - ALL ITEMS,5.5
October,01 - FOOD AND NON-ALCOHOLIC BEVERAGES,6.0
October,02 - ALCOHOLIC BEVERAGES AND TOBACCO,7.0
October,03 - CLOTHING AND FOOTWEAR,3.4
October,"04 - HOUSING, WATER, ELECTRICITY, GAS, AND OTHER FUELS",2.1
October,"05 - FURNISHINGS, HOUSEHOLD EQUIPMENT AND ROUTINE HOUSEHOLD MAINTENANCE",2.4
October,06 - HEALTH,0.7
October,07 - TRANSPORT,6.5
October,08 - INFORMATION AND COMMUNICATION,0.6
October,"09 - RECREATION, SPORT AND CULTURE",7.3
October,10 - EDUCATION SERVICES,7.5
October,11 - RESTAURANTS AND ACCOMMODATION SERVICES,11.5
October,12 - FINANCIAL SERVICES,0.0
October,"13 - PERSONAL CARE, AND MISCELLANEOUS GOODS AND SERVICES",4.3
November,0 - ALL ITEMS,5.9
November,01 - FOOD AND NON-ALCOHOLIC BEVERAGES,6.8
November,02 - ALCOHOLIC BEVERAGES AND TOBACCO,8.3
November,03 - CLOTHING AND FOOTWEAR,3.3
November,"04 - HOUSING, WATER, ELECTRICITY, GAS, AND OTHER FUELS",2.2
November,"05 - FURNISHINGS, HOUSEHOLD EQUIPMENT AND ROUTINE HOUSEHOLD MAINTENANCE",2.2
November,06 - HEALTH,0.8
November,07 - TRANSPORT,6.9
November,08 - INFORMATION AND COMMUNICATION,0.6
November,"09 - RECREATION, SPORT AND CULTURE",7.0
November,10 - EDUCATION SERVICES,7.5
November,11 - RESTAURANTS AND ACCOMMODATION SERVICES,10.7
November,12 - FINANCIAL SERVICES,0.0
November,"13 - PERSONAL CARE, AND MISCELLANEOUS GOODS AND SERVICES",4.1
December,0 - ALL ITEMS,6.2
December,01 - FOOD AND NON-ALCOHOLIC BEVERAGES,7.2
December,02 - ALCOHOLIC BEVERAGES AND TOBACCO,8.6
December,03 - CLOTHING AND FOOTWEAR,3.4
December,"04 - HOUSING, WATER, ELECTRICITY, GAS, AND OTHER FUELS",1.8
December,"05 - FURNISHINGS, HOUSEHOLD EQUIPMENT AND ROUTINE HOUSEHOLD MAINTENANCE",2.2
December,06 - HEALTH,0.8
December,07 - TRANSPORT,7.4
December,08 - INFORMATION AND COMMUNICATION,0.7
December,"09 - RECREATION, SPORT AND CULTURE",6.8
December,10 - EDUCATION SERVICES,7.5
December,11 - RESTAURANTS AND ACCOMMODATION SERVICES,9.5
December,12 - FINANCIAL SERVICES,0.0
December,"13 - PERSONAL CARE, AND MISCELLANEOUS GOODS AND SERVICES",4.1