Month,Commodity Group,Inflation
January,0 - ALL ITEMS,7.9
January,01 - FOOD AND NON-ALCOHOLIC BEVERAGES,11.4
January,02 - ALCOHOLIC BEVERAGES AND TOBACCO,9.6
January,03 - CLOTHING AND FOOTWEAR,4.4
January,"04 - HOUSING, WATER, ELECTRICITY, GAS, AND OTHER FUELS",4.1
January,"05 - FURNISHINGS, HOUSEHOLD EQUIPMENT AND ROUTINE HOUSEHOLD MAINTENANCE",3.9
January,06 - HEALTH,3.8
January,07 - TRANSPORT,16.3
January,08 - INFORMATION AND COMMUNICATION,0.2
January,"09 - RECREATION, SPORT AND CULTURE",4.5
January,10 - EDUCATION SERVICES,0.6
January,11 - RESTAURANTS AND ACCOMMODATION SERVICES,6.8
January,12 - FINANCIAL SERVICES,0.0
January,"13 - PERSONAL CARE, AND MISCELLANEOUS GOODS AND SERVICES",4.9
February,0 - ALL ITEMS,7.1
February,01 - FOOD AND NON-ALCOHOLIC BEVERAGES,10.1
February,02 - ALCOHOLIC BEVERAGES AND TOBACCO,9.5
February,03 - CLOTHING AND FOOTWEAR,4.5
February,"04 - HOUSING, WATER, ELECTRICITY, GAS, AND OTHER FUELS",4.1
February,"05 - FURNISHINGS, HOUSEHOLD EQUIPMENT AND ROUTINE HOUSEHOLD MAINTENANCE",4.4
February,06 - HEALTH,4.0
February,07 - TRANSPORT,13.5
February,08 - INFORMATION AND COMMUNICATION,0.2
February,"09 - RECREATION, SPORT AND CULTURE",4.9
February,10 - EDUCATION SERVICES,0.6
February,11 - RESTAURANTS AND ACCOMMODATION SERVICES,7.0
February,12 - FINANCIAL SERVICES,0.0
February,"13 - PERSONAL CARE, AND MISCELLANEOUS GOODS AND SERVICES",5.0
March,0 - ALL ITEMS,5.6
March,01 - FOOD AND NON-ALCOHOLIC BEVERAGES,8.4
March,02 - ALCOHOLIC BEVERAGES AND TOBACCO,9.8
March,03 - CLOTHING AND FOOTWEAR,4.3
March,"04 - HOUSING, WATER, ELECTRICITY, GAS, AND OTHER FUELS",2.2
March,"05 - FURNISHINGS, HOUSEHOLD EQUIPMENT AND ROUTINE HOUSEHOLD MAINTENANCE",4.6
March,06 - HEALTH,3.8
March,07 - TRANSPORT,8.4
March,08 - INFORMATION AND COMMUNICATION,0.2
March,"09 - RECREATION, SPORT AND CULTURE",5.0
March,10 - EDUCATION SERVICES,0.6
March,11 - RESTAURANTS AND ACCOMMODATION SERVICES,6.4
March,12 - FINANCIAL SERVICES,0.0
March,"13 - PERSONAL CARE, AND MISCELLANEOUS GOODS AND SERVICES",4.8
April,0 - ALL ITEMS,4.3
April,01 - FOOD AND NON-ALCOHOLIC BEVERAGES,7.2
April,02 - ALCOHOLIC BEVERAGES AND TOBACCO,9.5
April,03 - CLOTHING AND FOOTWEAR,4.4
April,"04 - HOUSING, WATER, ELECTRICITY, GAS, AND OTHER FUELS",0.4
April,"05 - FURNISHINGS, HOUSEHOLD EQUIPMENT AND ROUTINE HOUSEHOLD MAINTENANCE",4.5
April,06 - HEALTH,4.3
April,07 - TRANSPORT,4.1
April,08 - INFORMATION AND COMMUNICATION,0.2
April,"09 - RECREATION, SPORT AND CULTURE",5.1
April,10 - EDUCATION SERVICES,0.6
April,11 - RESTAURANTS AND ACCOMMODATION SERVICES,6.7
April,12 - FINANCIAL SERVICES,0.0
April,"13 - PERSONAL CARE, AND MISCELLANEOUS GOODS AND SERVICES",5.0
May,0 - ALL ITEMS,3.9
May,01 - FOOD AND NON-ALCOHOLIC BEVERAGES,7.1
May,02 - ALCOHOLIC BEVERAGES AND TOBACCO,9.1
May,03 - CLOTHING AND FOOTWEAR,4.3
May,"04 - HOUSING, WATER, ELECTRICITY, GAS, AND OTHER FUELS",0.3
May,"05 - FURNISHINGS, HOUSEHOLD EQUIPMENT AND ROUTINE HOUSEHOLD MAINTENANCE",4.6
May,06 - HEALTH,3.9
May,07 - TRANSPORT,0.5
May,08 - INFORMATION AND COMMUNICATION,0.1
May,"09 - RECREATION, SPORT AND CULTURE",5.2
May,10 - EDUCATION SERVICES,0.6
May,11 - RESTAURANTS AND ACCOMMODATION SERVICES,6.7
May,12 - FINANCIAL SERVICES,0.0
May,"13 - PERSONAL CARE, AND MISCELLANEOUS GOODS AND SERVICES",4.8
June,0 - ALL ITEMS,3.2
June,01 - FOOD AND NON-ALCOHOLIC BEVERAGES,6.6
June,02 - ALCOHOLIC BEVERAGES AND TOBACCO,8.1
June,03 - CLOTHING AND FOOTWEAR,4.1
June,"04 - HOUSING, WATER, ELECTRICITY, GAS, AND OTHER FUELS",0.2
June,"05 - FURNISHINGS, HOUSEHOLD EQUIPMENT AND ROUTINE HOUSEHOLD MAINTENANCE",4.2
June,06 - HEALTH,3.2
June,07 - TRANSPORT,-2.8
June,08 - INFORMATION AND COMMUNICATION,0.1
June,"09 - RECREATION, SPORT AND CULTURE",5.0
June,10 - EDUCATION SERVICES,0.6
June,11 - RESTAURANTS AND ACCOMMODATION SERVICES,6.0
June,12 - FINANCIAL SERVICES,0.0
June,"13 - PERSONAL CARE, AND MISCELLANEOUS GOODS AND SERVICES",4.5
July,0 - ALL ITEMS,2.9
July,01 - FOOD AND NON-ALCOHOLIC BEVERAGES,7.2
July,02 - ALCOHOLIC BEVERAGES AND TOBACCO,6.9
July,03 - CLOTHING AND FOOTWEAR,3.7
July,"04 - HOUSING, WATER, ELECTRICITY, GAS, AND OTHER FUELS",0.1
July,"05 - FURNISHINGS, HOUSEHOLD EQUIPMENT AND ROUTINE HOUSEHOLD MAINTENANCE",3.9
July,06 - HEALTH,2.9
July,07 - TRANSPORT,-5.5
July,08 - INFORMATION AND COMMUNICATION,0.1
July,"09 - RECREATION, SPORT AND CULTURE",4.3
July,10 - EDUCATION SERVICES,0.6
July,11 - RESTAURANTS AND ACCOMMODATION SERVICES,5.5
July,12 - FINANCIAL SERVICES,0.0
July,"13 - PERSONAL CARE, AND MISCELLANEOUS GOODS AND SERVICES",4.1
August,0 - ALL ITEMS,3.9
August,01 - FOOD AND NON-ALCOHOLIC BEVERAGES,8.9
August,02 - ALCOHOLIC BEVERAGES AND TOBACCO,6.5
August,03 - CLOTHING AND FOOTWEAR,3.3
August,"04 - HOUSING, WATER, ELECTRICITY, GAS, AND OTHER FUELS",-0.9
August,"05 - FURNISHINGS, HOUSEHOLD EQUIPMENT AND ROUTINE HOUSEHOLD MAINTENANCE",3.9
August,06 - HEALTH,2.4
August,07 - TRANSPORT,-0.2
August,08 - INFORMATION AND COMMUNICATION,0.1
August,"09 - RECREATION, SPORT AND CULTURE",3.9
August,10 - EDUCATION SERVICES,0.9
August,11 - RESTAURANTS AND ACCOMMODATION SERVICES,6.5
August,12 - FINANCIAL SERVICES,0.0
August,"13 - PERSONAL CARE, AND MISCELLANEOUS GOODS AND SERVICES",3.6
September,0 - ALL ITEMS,5.2
September,01 - FOOD AND NON-ALCOHOLIC BEVERAGES,11.8
September,02 - ALCOHOLIC BEVERAGES AND TOBACCO,5.9
September,03 - CLOTHING AND FOOTWEAR,3.2
September,"04 - HOUSING, WATER, ELECTRICITY, GAS, AND OTHER FUELS",-0.6
September,"05 - FURNISHINGS, HOUSEHOLD EQUIPMENT AND ROUTINE HOUSEHOLD MAINTENANCE",4.2
September,06 - HEALTH,2.0
September,07 - TRANSPORT,0.4
September,08 - INFORMATION AND COMMUNICATION,0.3
September,"09 - RECREATION, SPORT AND CULTURE",3.4
September,10 - EDUCATION SERVICES,8.2
September,11 - RESTAURANTS AND ACCOMMODATION SERVICES,6.4
September,12 - FINANCIAL SERVICES,0.0
September,"13 - PERSONAL CARE, AND MISCELLANEOUS GOODS AND SERVICES",3.6
October,0 - ALL ITEMS,4.7
October,01 - FOOD AND NON-ALCOHOLIC BEVERAGES,9.6
October,02 - ALCOHOLIC BEVERAGES AND TOBACCO,5.6
October,03 - CLOTHING AND FOOTWEAR,3.2
October,"04 - HOUSING, WATER, ELECTRICITY, GAS, AND OTHER FUELS",-0.7
October,"05 - FURNISHINGS, HOUSEHOLD EQUIPMENT AND ROUTINE HOUSEHOLD MAINTENANCE",4.5
October,06 - HEALTH,3.4
October,07 - TRANSPORT,1.9
October,08 - INFORMATION AND COMMUNICATION,0.5
October,"09 - RECREATION, SPORT AND CULTURE",2.8
October,10 - EDUCATION SERVICES,8.2
October,11 - RESTAURANTS AND ACCOMMODATION SERVICES,5.5
October,12 - FINANCIAL SERVICES,0.0
October,"13 - PERSONAL CARE, AND MISCELLANEOUS GOODS AND SERVICES",3.3
November,0 - ALL ITEMS,3.3
November,01 - FOOD AND NON-ALCOHOLIC BEVERAGES,6.7
November,02 - ALCOHOLIC BEVERAGES AND TOBACCO,5.0
November,03 - CLOTHING AND FOOTWEAR,2.5
November,"04 - HOUSING, WATER, ELECTRICITY, GAS, AND OTHER FUELS",-1.2
November,"05 - FURNISHINGS, HOUSEHOLD EQUIPMENT AND ROUTINE HOUSEHOLD MAINTENANCE",4.0
November,06 - HEALTH,3.9
November,07 - TRANSPORT,0.5
November,08 - INFORMATION AND COMMUNICATION,0.5
November,"09 - RECREATION, SPORT AND CULTURE",2.6
November,10 - EDUCATION SERVICES,8.2
November,11 - RESTAURANTS AND ACCOMMODATION SERVICES,5.6
November,12 - FINANCIAL SERVICES,0.0
November,"13 - PERSONAL CARE, AND MISCELLANEOUS GOODS AND SERVICES",3.0
December,0 - ALL ITEMS,2.8
December,01 - FOOD AND NON-ALCOHOLIC BEVERAGES,4.7
December,02 - ALCOHOLIC BEVERAGES AND TOBACCO,4.6
December,03 - CLOTHING AND FOOTWEAR,2.4
December,"04 - HOUSING, WATER, ELECTRICITY, GAS, AND OTHER FUELS",-0.6
December,"05 - FURNISHINGS, HOUSEHOLD EQUIPMENT AND ROUTINE HOUSEHOLD MAINTENANCE",3.9
December,06 - HEALTH,3.9
December,07 - TRANSPORT,1.5
December,08 - INFORMATION AND COMMUNICATION,0.4
December,"09 - RECREATION, SPORT AND CULTURE",2.6
December,10 - EDUCATION SERVICES,8.2
December,11 - RESTAURANTS AND ACCOMMODATION SERVICES,5.5
December,12 - FINANCIAL SERVICES,0.0
December,"13 - PERSONAL CARE, AND MISCELLANEOUS GOODS AND SERVICES",2.9