Month,Commodity Group,Inflation
January,0 - ALL ITEMS,8.9
January,01 - FOOD AND NON-ALCOHOLIC BEVERAGES,10.4
January,02 - ALCOHOLIC BEVERAGES AND TOBACCO,10.1
January,03 - CLOTHING AND FOOTWEAR,7.6
January,"04 - HOUSING, WATER, ELECTRICITY, GAS, AND OTHER FUELS",7.3
January,"05 - FURNISHINGS, HOUSEHOLD EQUIPMENT AND ROUTINE HOUSEHOLD MAINTENANCE",6.6
January,06 - HEALTH,4.4
January,07 - TRANSPORT,9.1
January,08 - INFORMATION AND COMMUNICATION,1.9
January,"09 - RECREATION, SPORT AND CULTURE",5.1
January,10 - EDUCATION SERVICES,0.9
January,11 - RESTAURANTS AND ACCOMMODATION SERVICES,12.2
January,12 - FINANCIAL SERVICES,0.0
January,"13 - PERSONAL CARE, AND MISCELLANEOUS GOODS AND SERVICES",7.0
February,0 - ALL ITEMS,9.0
February,01 - FOOD AND NON-ALCOHOLIC BEVERAGES,11.1
February,02 - ALCOHOLIC BEVERAGES AND TOBACCO,10.0
February,03 - CLOTHING AND FOOTWEAR,8.4
February,"04 - HOUSING, WATER, ELECTRICITY, GAS, AND OTHER FUELS",7.4
February,"05 - FURNISHINGS, HOUSEHOLD EQUIPMENT AND ROUTINE HOUSEHOLD MAINTENANCE",7.1
February,06 - HEALTH,4.9
February,07 - TRANSPORT,7.6
February,08 - INFORMATION AND COMMUNICATION,2.2
February,"09 - RECREATION, SPORT AND CULTURE",6.6
February,10 - EDUCATION SERVICES,0.9
February,11 - RESTAURANTS AND ACCOMMODATION SERVICES,12.1
February,12 - FINANCIAL SERVICES,0.0
February,"13 - PERSONAL CARE, AND MISCELLANEOUS GOODS AND SERVICES",6.5
March,0 - ALL ITEMS,8.8
March,01 - FOOD AND NON-ALCOHOLIC BEVERAGES,11.0
March,02 - ALCOHOLIC BEVERAGES AND TOBACCO,13.1
March,03 - CLOTHING AND FOOTWEAR,9.4
March,"04 - HOUSING, WATER, ELECTRICITY, GAS, AND OTHER FUELS",6.4
March,"05 - FURNISHINGS, HOUSEHOLD EQUIPMENT AND ROUTINE HOUSEHOLD MAINTENANCE",8.0
March,06 - HEALTH,5.0
March,07 - TRANSPORT,3.9
March,08 - INFORMATION AND COMMUNICATION,1.8
March,"09 - RECREATION, SPORT AND CULTURE",7.1
March,10 - EDUCATION SERVICES,0.9
March,11 - RESTAURANTS AND ACCOMMODATION SERVICES,12.8
March,12 - FINANCIAL SERVICES,0.0
March,"13 - PERSONAL CARE, AND MISCELLANEOUS GOODS AND SERVICES",7.4
April,0 - ALL ITEMS,7.8
April,01 - FOOD AND NON-ALCOHOLIC BEVERAGES,9.8
April,02 - ALCOHOLIC BEVERAGES AND TOBACCO,13.8
April,03 - CLOTHING AND FOOTWEAR,9.6
April,"04 - HOUSING, WATER, ELECTRICITY, GAS, AND OTHER FUELS",5.2
April,"05 - FURNISHINGS, HOUSEHOLD EQUIPMENT AND ROUTINE HOUSEHOLD MAINTENANCE",8.1
April,06 - HEALTH,5.4
April,07 - TRANSPORT,1.4
April,08 - INFORMATION AND COMMUNICATION,1.8
April,"09 - RECREATION, SPORT AND CULTURE",7.9
April,10 - EDUCATION SERVICES,0.9
April,11 - RESTAURANTS AND ACCOMMODATION SERVICES,12.0
April,12 - FINANCIAL SERVICES,0.0
April,"13 - PERSONAL CARE, AND MISCELLANEOUS GOODS AND SERVICES",7.8
May,0 - ALL ITEMS,7.2
May,01 - FOOD AND NON-ALCOHOLIC BEVERAGES,9.5
May,02 - ALCOHOLIC BEVERAGES AND TOBACCO,13.3
May,03 - CLOTHING AND FOOTWEAR,9.8
May,"04 - HOUSING, WATER, ELECTRICITY, GAS, AND OTHER FUELS",4.9
May,"05 - FURNISHINGS, HOUSEHOLD EQUIPMENT AND ROUTINE HOUSEHOLD MAINTENANCE",8.5
May,06 - HEALTH,5.4
May,07 - TRANSPORT,-2.7
May,08 - INFORMATION AND COMMUNICATION,1.7
May,"09 - RECREATION, SPORT AND CULTURE",8.3
May,10 - EDUCATION SERVICES,0.9
May,11 - RESTAURANTS AND ACCOMMODATION SERVICES,11.9
May,12 - FINANCIAL SERVICES,0.0
May,"13 - PERSONAL CARE, AND MISCELLANEOUS GOODS AND SERVICES",7.8
June,0 - ALL ITEMS,7.2
June,01 - FOOD AND NON-ALCOHOLIC BEVERAGES,9.6
June,02 - ALCOHOLIC BEVERAGES AND TOBACCO,13.1
June,03 - CLOTHING AND FOOTWEAR,9.5
June,"04 - HOUSING, WATER, ELECTRICITY, GAS, AND OTHER FUELS",5.5
June,"05 - FURNISHINGS, HOUSEHOLD EQUIPMENT AND ROUTINE HOUSEHOLD MAINTENANCE",8.5
June,06 - HEALTH,5.4
June,07 - TRANSPORT,-4.9
June,08 - INFORMATION AND COMMUNICATION,1.6
June,"09 - RECREATION, SPORT AND CULTURE",8.2
June,10 - EDUCATION SERVICES,0.9
June,11 - RESTAURANTS AND ACCOMMODATION SERVICES,11.7
June,12 - FINANCIAL SERVICES,0.0
June,"13 - PERSONAL CARE, AND MISCELLANEOUS GOODS AND SERVICES",7.7
July,0 - ALL ITEMS,5.7
July,01 - FOOD AND NON-ALCOHOLIC BEVERAGES,7.5
July,02 - ALCOHOLIC BEVERAGES AND TOBACCO,12.3
July,03 - CLOTHING AND FOOTWEAR,8.9
July,"04 - HOUSING, WATER, ELECTRICITY, GAS, AND OTHER FUELS",4.2
July,"05 - FURNISHINGS, HOUSEHOLD EQUIPMENT AND ROUTINE HOUSEHOLD MAINTENANCE",8.2
July,06 - HEALTH,5.3
July,07 - TRANSPORT,-6.2
July,08 - INFORMATION AND COMMUNICATION,1.4
July,"09 - RECREATION, SPORT AND CULTURE",8.5
July,10 - EDUCATION SERVICES,0.9
July,11 - RESTAURANTS AND ACCOMMODATION SERVICES,11.9
July,12 - FINANCIAL SERVICES,0.0
July,"13 - PERSONAL CARE, AND MISCELLANEOUS GOODS AND SERVICES",7.5
August,0 - ALL ITEMS,6.1
August,01 - FOOD AND NON-ALCOHOLIC BEVERAGES,7.4
August,02 - ALCOHOLIC BEVERAGES AND TOBACCO,12.1
August,03 - CLOTHING AND FOOTWEAR,8.7
August,"04 - HOUSING, WATER, ELECTRICITY, GAS, AND OTHER FUELS",3.9
August,"05 - FURNISHINGS, HOUSEHOLD EQUIPMENT AND ROUTINE HOUSEHOLD MAINTENANCE",8.1
August,06 - HEALTH,5.0
August,07 - TRANSPORT,-1.1
August,08 - INFORMATION AND COMMUNICATION,1.1
August,"09 - RECREATION, SPORT AND CULTURE",9.1
August,10 - EDUCATION SERVICES,2.5
August,11 - RESTAURANTS AND ACCOMMODATION SERVICES,11.6
August,12 - FINANCIAL SERVICES,0.0
August,"13 - PERSONAL CARE, AND MISCELLANEOUS GOODS AND SERVICES",7.6
September,0 - ALL ITEMS,6.8
September,01 - FOOD AND NON-ALCOHOLIC BEVERAGES,9.1
September,02 - ALCOHOLIC BEVERAGES AND TOBACCO,12.0
September,03 - CLOTHING AND FOOTWEAR,8.1
September,"04 - HOUSING, WATER, ELECTRICITY, GAS, AND OTHER FUELS",4.6
September,"05 - FURNISHINGS, HOUSEHOLD EQUIPMENT AND ROUTINE HOUSEHOLD MAINTENANCE",7.8
September,06 - HEALTH,5.1
September,07 - TRANSPORT,0.1
September,08 - INFORMATION AND COMMUNICATION,0.9
September,"09 - RECREATION, SPORT AND CULTURE",9.1
September,10 - EDUCATION SERVICES,2.6
September,11 - RESTAURANTS AND ACCOMMODATION SERVICES,7.9
September,12 - FINANCIAL SERVICES,0.0
September,"13 - PERSONAL CARE, AND MISCELLANEOUS GOODS AND SERVICES",6.9
October,0 - ALL ITEMS,5.8
October,01 - FOOD AND NON-ALCOHOLIC BEVERAGES,7.4
October,02 - ALCOHOLIC BEVERAGES AND TOBACCO,12.0
October,03 - CLOTHING AND FOOTWEAR,8.0
October,"04 - HOUSING, WATER, ELECTRICITY, GAS, AND OTHER FUELS",4.0
October,"05 - FURNISHINGS, HOUSEHOLD EQUIPMENT AND ROUTINE HOUSEHOLD MAINTENANCE",7.6
October,06 - HEALTH,5.3
October,07 - TRANSPORT,-2.1
October,08 - INFORMATION AND COMMUNICATION,0.8
October,"09 - RECREATION, SPORT AND CULTURE",8.5
October,10 - EDUCATION SERVICES,2.6
October,11 - RESTAURANTS AND ACCOMMODATION SERVICES,9.0
October,12 - FINANCIAL SERVICES,0.0
October,"13 - PERSONAL CARE, AND MISCELLANEOUS GOODS AND SERVICES",6.6
November,0 - ALL ITEMS,4.8
November,01 - FOOD AND NON-ALCOHOLIC BEVERAGES,5.3
November,02 - ALCOHOLIC BEVERAGES AND TOBACCO,12.0
November,03 - CLOTHING AND FOOTWEAR,7.2
November,"04 - HOUSING, WATER, ELECTRICITY, GAS, AND OTHER FUELS",4.4
November,"05 - FURNISHINGS, HOUSEHOLD EQUIPMENT AND ROUTINE HOUSEHOLD MAINTENANCE",6.7
November,06 - HEALTH,5.2
November,07 - TRANSPORT,-3.3
November,08 - INFORMATION AND COMMUNICATION,0.5
November,"09 - RECREATION, SPORT AND CULTURE",8.0
November,10 - EDUCATION SERVICES,2.6
November,11 - RESTAURANTS AND ACCOMMODATION SERVICES,8.9
November,12 - FINANCIAL SERVICES,0.0
November,"13 - PERSONAL CARE, AND MISCELLANEOUS GOODS AND SERVICES",5.8
December,0 - ALL ITEMS,4.4
December,01 - FOOD AND NON-ALCOHOLIC BEVERAGES,4.2
December,02 - ALCOHOLIC BEVERAGES AND TOBACCO,11.8
December,03 - CLOTHING AND FOOTWEAR,6.6
December,"04 - HOUSING, WATER, ELECTRICITY, GAS, AND OTHER FUELS",4.9
December,"05 - FURNISHINGS, HOUSEHOLD EQUIPMENT AND ROUTINE HOUSEHOLD MAINTENANCE",6.5
December,06 - HEALTH,3.9
December,07 - TRANSPORT,-1.5
December,08 - INFORMATION AND COMMUNICATION,0.3
December,"09 - RECREATION, SPORT AND CULTURE",7.5
December,10 - EDUCATION SERVICES,2.6
December,11 - RESTAURANTS AND ACCOMMODATION SERVICES,8.0
December,12 - FINANCIAL SERVICES,0.0
December,"13 - PERSONAL CARE, AND MISCELLANEOUS GOODS AND SERVICES",5.8