Month,Commodity Group,Inflation
January,0 - ALL ITEMS,8.6
January,01 - FOOD AND NON-ALCOHOLIC BEVERAGES,12.1
January,02 - ALCOHOLIC BEVERAGES AND TOBACCO,6.6
January,03 - CLOTHING AND FOOTWEAR,2.7
January,"04 - HOUSING, WATER, ELECTRICITY, GAS, AND OTHER FUELS",6.9
January,"05 - FURNISHINGS, HOUSEHOLD EQUIPMENT AND ROUTINE HOUSEHOLD MAINTENANCE",4.5
January,06 - HEALTH,1.6
January,07 - TRANSPORT,12.8
January,08 - INFORMATION AND COMMUNICATION,0.3
January,"09 - RECREATION, SPORT AND CULTURE",3.5
January,10 - EDUCATION SERVICES,8.1
January,11 - RESTAURANTS AND ACCOMMODATION SERVICES,10.4
January,12 - FINANCIAL SERVICES,0.0
January,"13 - PERSONAL CARE, AND MISCELLANEOUS GOODS AND SERVICES",2.9
February,0 - ALL ITEMS,8.7
February,01 - FOOD AND NON-ALCOHOLIC BEVERAGES,11.6
February,02 - ALCOHOLIC BEVERAGES AND TOBACCO,6.4
February,03 - CLOTHING AND FOOTWEAR,3.2
February,"04 - HOUSING, WATER, ELECTRICITY, GAS, AND OTHER FUELS",7.7
February,"05 - FURNISHINGS, HOUSEHOLD EQUIPMENT AND ROUTINE HOUSEHOLD MAINTENANCE",6.9
February,06 - HEALTH,2.2
February,07 - TRANSPORT,10.8
February,08 - INFORMATION AND COMMUNICATION,0.3
February,"09 - RECREATION, SPORT AND CULTURE",3.8
February,10 - EDUCATION SERVICES,8.1
February,11 - RESTAURANTS AND ACCOMMODATION SERVICES,10.9
February,12 - FINANCIAL SERVICES,0.0
February,"13 - PERSONAL CARE, AND MISCELLANEOUS GOODS AND SERVICES",3.5
March,0 - ALL ITEMS,7.8
March,01 - FOOD AND NON-ALCOHOLIC BEVERAGES,9.3
March,02 - ALCOHOLIC BEVERAGES AND TOBACCO,7.9
March,03 - CLOTHING AND FOOTWEAR,3.1
March,"04 - HOUSING, WATER, ELECTRICITY, GAS, AND OTHER FUELS",7.9
March,"05 - FURNISHINGS, HOUSEHOLD EQUIPMENT AND ROUTINE HOUSEHOLD MAINTENANCE",6.4
March,06 - HEALTH,2.2
March,07 - TRANSPORT,6.2
March,08 - INFORMATION AND COMMUNICATION,0.2
March,"09 - RECREATION, SPORT AND CULTURE",3.5
March,10 - EDUCATION SERVICES,8.1
March,11 - RESTAURANTS AND ACCOMMODATION SERVICES,11.0
March,12 - FINANCIAL SERVICES,0.0
March,"13 - PERSONAL CARE, AND MISCELLANEOUS GOODS AND SERVICES",3.3
April,0 - ALL ITEMS,7.1
April,01 - FOOD AND NON-ALCOHOLIC BEVERAGES,8.3
April,02 - ALCOHOLIC BEVERAGES AND TOBACCO,7.9
April,03 - CLOTHING AND FOOTWEAR,3.1
April,"04 - HOUSING, WATER, ELECTRICITY, GAS, AND OTHER FUELS",6.8
April,"05 - FURNISHINGS, HOUSEHOLD EQUIPMENT AND ROUTINE HOUSEHOLD MAINTENANCE",6.1
April,06 - HEALTH,2.4
April,07 - TRANSPORT,4.3
April,08 - INFORMATION AND COMMUNICATION,0.2
April,"09 - RECREATION, SPORT AND CULTURE",3.6
April,10 - EDUCATION SERVICES,8.1
April,11 - RESTAURANTS AND ACCOMMODATION SERVICES,11.4
April,12 - FINANCIAL SERVICES,0.0
April,"13 - PERSONAL CARE, AND MISCELLANEOUS GOODS AND SERVICES",3.6
May,0 - ALL ITEMS,6.5
May,01 - FOOD AND NON-ALCOHOLIC BEVERAGES,7.6
May,02 - ALCOHOLIC BEVERAGES AND TOBACCO,7.4
May,03 - CLOTHING AND FOOTWEAR,2.9
May,"04 - HOUSING, WATER, ELECTRICITY, GAS, AND OTHER FUELS",7.5
May,"05 - FURNISHINGS, HOUSEHOLD EQUIPMENT AND ROUTINE HOUSEHOLD MAINTENANCE",6.4
May,06 - HEALTH,2.1
May,07 - TRANSPORT,1.1
May,08 - INFORMATION AND COMMUNICATION,0.5
May,"09 - RECREATION, SPORT AND CULTURE",3.5
May,10 - EDUCATION SERVICES,8.1
May,11 - RESTAURANTS AND ACCOMMODATION SERVICES,9.5
May,12 - FINANCIAL SERVICES,0.0
May,"13 - PERSONAL CARE, AND MISCELLANEOUS GOODS AND SERVICES",3.8
June,0 - ALL ITEMS,5.6
June,01 - FOOD AND NON-ALCOHOLIC BEVERAGES,6.0
June,02 - ALCOHOLIC BEVERAGES AND TOBACCO,6.8
June,03 - CLOTHING AND FOOTWEAR,2.7
June,"04 - HOUSING, WATER, ELECTRICITY, GAS, AND OTHER FUELS",6.8
June,"05 - FURNISHINGS, HOUSEHOLD EQUIPMENT AND ROUTINE HOUSEHOLD MAINTENANCE",6.0
June,06 - HEALTH,2.1
June,07 - TRANSPORT,-2.3
June,08 - INFORMATION AND COMMUNICATION,0.5
June,"09 - RECREATION, SPORT AND CULTURE",3.3
June,10 - EDUCATION SERVICES,8.1
June,11 - RESTAURANTS AND ACCOMMODATION SERVICES,9.8
June,12 - FINANCIAL SERVICES,0.0
June,"13 - PERSONAL CARE, AND MISCELLANEOUS GOODS AND SERVICES",4.0
July,0 - ALL ITEMS,5.6
July,01 - FOOD AND NON-ALCOHOLIC BEVERAGES,6.4
July,02 - ALCOHOLIC BEVERAGES AND TOBACCO,6.4
July,03 - CLOTHING AND FOOTWEAR,2.1
July,"04 - HOUSING, WATER, ELECTRICITY, GAS, AND OTHER FUELS",6.9
July,"05 - FURNISHINGS, HOUSEHOLD EQUIPMENT AND ROUTINE HOUSEHOLD MAINTENANCE",6.2
July,06 - HEALTH,2.2
July,07 - TRANSPORT,-3.2
July,08 - INFORMATION AND COMMUNICATION,0.5
July,"09 - RECREATION, SPORT AND CULTURE",3.4
July,10 - EDUCATION SERVICES,8.1
July,11 - RESTAURANTS AND ACCOMMODATION SERVICES,10.1
July,12 - FINANCIAL SERVICES,0.0
July,"13 - PERSONAL CARE, AND MISCELLANEOUS GOODS AND SERVICES",4.1
August,0 - ALL ITEMS,5.9
August,01 - FOOD AND NON-ALCOHOLIC BEVERAGES,8.6
August,02 - ALCOHOLIC BEVERAGES AND TOBACCO,5.8
August,03 - CLOTHING AND FOOTWEAR,2.3
August,"04 - HOUSING, WATER, ELECTRICITY, GAS, AND OTHER FUELS",5.3
August,"05 - FURNISHINGS, HOUSEHOLD EQUIPMENT AND ROUTINE HOUSEHOLD MAINTENANCE",6.1
August,06 - HEALTH,2.7
August,07 - TRANSPORT,1.4
August,08 - INFORMATION AND COMMUNICATION,0.5
August,"09 - RECREATION, SPORT AND CULTURE",3.5
August,10 - EDUCATION SERVICES,3.3
August,11 - RESTAURANTS AND ACCOMMODATION SERVICES,7.9
August,12 - FINANCIAL SERVICES,0.0
August,"13 - PERSONAL CARE, AND MISCELLANEOUS GOODS AND SERVICES",3.9
September,0 - ALL ITEMS,6.1
September,01 - FOOD AND NON-ALCOHOLIC BEVERAGES,8.3
September,02 - ALCOHOLIC BEVERAGES AND TOBACCO,6.4
September,03 - CLOTHING AND FOOTWEAR,2.3
September,"04 - HOUSING, WATER, ELECTRICITY, GAS, AND OTHER FUELS",5.6
September,"05 - FURNISHINGS, HOUSEHOLD EQUIPMENT AND ROUTINE HOUSEHOLD MAINTENANCE",6.0
September,06 - HEALTH,2.9
September,07 - TRANSPORT,2.6
September,08 - INFORMATION AND COMMUNICATION,0.5
September,"09 - RECREATION, SPORT AND CULTURE",3.4
September,10 - EDUCATION SERVICES,3.3
September,11 - RESTAURANTS AND ACCOMMODATION SERVICES,8.1
September,12 - FINANCIAL SERVICES,0.0
September,"13 - PERSONAL CARE, AND MISCELLANEOUS GOODS AND SERVICES",4.0
October,0 - ALL ITEMS,4.9
October,01 - FOOD AND NON-ALCOHOLIC BEVERAGES,5.5
October,02 - ALCOHOLIC BEVERAGES AND TOBACCO,6.0
October,03 - CLOTHING AND FOOTWEAR,2.4
October,"04 - HOUSING, WATER, ELECTRICITY, GAS, AND OTHER FUELS",6.9
October,"05 - FURNISHINGS, HOUSEHOLD EQUIPMENT AND ROUTINE HOUSEHOLD MAINTENANCE",5.8
October,06 - HEALTH,2.9
October,07 - TRANSPORT,0.2
October,08 - INFORMATION AND COMMUNICATION,0.6
October,"09 - RECREATION, SPORT AND CULTURE",2.3
October,10 - EDUCATION SERVICES,3.3
October,11 - RESTAURANTS AND ACCOMMODATION SERVICES,5.4
October,12 - FINANCIAL SERVICES,0.0
October,"13 - PERSONAL CARE, AND MISCELLANEOUS GOODS AND SERVICES",4.0
November,0 - ALL ITEMS,4.2
November,01 - FOOD AND NON-ALCOHOLIC BEVERAGES,3.6
November,02 - ALCOHOLIC BEVERAGES AND TOBACCO,6.2
November,03 - CLOTHING AND FOOTWEAR,2.2
November,"04 - HOUSING, WATER, ELECTRICITY, GAS, AND OTHER FUELS",6.9
November,"05 - FURNISHINGS, HOUSEHOLD EQUIPMENT AND ROUTINE HOUSEHOLD MAINTENANCE",5.0
November,06 - HEALTH,2.7
November,07 - TRANSPORT,-0.8
November,08 - INFORMATION AND COMMUNICATION,0.3
November,"09 - RECREATION, SPORT AND CULTURE",2.0
November,10 - EDUCATION SERVICES,3.3
November,11 - RESTAURANTS AND ACCOMMODATION SERVICES,5.3
November,12 - FINANCIAL SERVICES,0.0
November,"13 - PERSONAL CARE, AND MISCELLANEOUS GOODS AND SERVICES",3.7
December,0 - ALL ITEMS,3.5
December,01 - FOOD AND NON-ALCOHOLIC BEVERAGES,2.8
December,02 - ALCOHOLIC BEVERAGES AND TOBACCO,6.2
December,03 - CLOTHING AND FOOTWEAR,2.3
December,"04 - HOUSING, WATER, ELECTRICITY, GAS, AND OTHER FUELS",4.8
December,"05 - FURNISHINGS, HOUSEHOLD EQUIPMENT AND ROUTINE HOUSEHOLD MAINTENANCE",5.0
December,06 - HEALTH,2.9
December,07 - TRANSPORT,0.4
December,08 - INFORMATION AND COMMUNICATION,0.1
December,"09 - RECREATION, SPORT AND CULTURE",2.0
December,10 - EDUCATION SERVICES,3.3
December,11 - RESTAURANTS AND ACCOMMODATION SERVICES,5.3
December,12 - FINANCIAL SERVICES,0.0
December,"13 - PERSONAL CARE, AND MISCELLANEOUS GOODS AND SERVICES",3.8