Month,Commodity Group,Inflation
January,0 - ALL ITEMS,8.7
January,01 - FOOD AND NON-ALCOHOLIC BEVERAGES,10.7
January,02 - ALCOHOLIC BEVERAGES AND TOBACCO,10.9
January,03 - CLOTHING AND FOOTWEAR,4.4
January,"04 - HOUSING, WATER, ELECTRICITY, GAS, AND OTHER FUELS",8.6
January,"05 - FURNISHINGS, HOUSEHOLD EQUIPMENT AND ROUTINE HOUSEHOLD MAINTENANCE",5.2
January,06 - HEALTH,3.3
January,07 - TRANSPORT,11.1
January,08 - INFORMATION AND COMMUNICATION,0.7
January,"09 - RECREATION, SPORT AND CULTURE",4.2
January,10 - EDUCATION SERVICES,3.6
January,11 - RESTAURANTS AND ACCOMMODATION SERVICES,7.6
January,12 - FINANCIAL SERVICES,0.0
January,"13 - PERSONAL CARE, AND MISCELLANEOUS GOODS AND SERVICES",5.0
February,0 - ALL ITEMS,8.6
February,01 - FOOD AND NON-ALCOHOLIC BEVERAGES,10.8
February,02 - ALCOHOLIC BEVERAGES AND TOBACCO,11.0
February,03 - CLOTHING AND FOOTWEAR,4.8
February,"04 - HOUSING, WATER, ELECTRICITY, GAS, AND OTHER FUELS",8.6
February,"05 - FURNISHINGS, HOUSEHOLD EQUIPMENT AND ROUTINE HOUSEHOLD MAINTENANCE",6.2
February,06 - HEALTH,4.0
February,07 - TRANSPORT,9.0
February,08 - INFORMATION AND COMMUNICATION,0.8
February,"09 - RECREATION, SPORT AND CULTURE",4.4
February,10 - EDUCATION SERVICES,3.6
February,11 - RESTAURANTS AND ACCOMMODATION SERVICES,8.1
February,12 - FINANCIAL SERVICES,0.0
February,"13 - PERSONAL CARE, AND MISCELLANEOUS GOODS AND SERVICES",5.3
March,0 - ALL ITEMS,7.6
March,01 - FOOD AND NON-ALCOHOLIC BEVERAGES,9.3
March,02 - ALCOHOLIC BEVERAGES AND TOBACCO,12.2
March,03 - CLOTHING AND FOOTWEAR,5.0
March,"04 - HOUSING, WATER, ELECTRICITY, GAS, AND OTHER FUELS",7.6
March,"05 - FURNISHINGS, HOUSEHOLD EQUIPMENT AND ROUTINE HOUSEHOLD MAINTENANCE",6.2
March,06 - HEALTH,3.9
March,07 - TRANSPORT,5.3
March,08 - INFORMATION AND COMMUNICATION,0.7
March,"09 - RECREATION, SPORT AND CULTURE",4.6
March,10 - EDUCATION SERVICES,3.6
March,11 - RESTAURANTS AND ACCOMMODATION SERVICES,8.3
March,12 - FINANCIAL SERVICES,0.0
March,"13 - PERSONAL CARE, AND MISCELLANEOUS GOODS AND SERVICES",5.6
April,0 - ALL ITEMS,6.6
April,01 - FOOD AND NON-ALCOHOLIC BEVERAGES,7.9
April,02 - ALCOHOLIC BEVERAGES AND TOBACCO,12.7
April,03 - CLOTHING AND FOOTWEAR,5.1
April,"04 - HOUSING, WATER, ELECTRICITY, GAS, AND OTHER FUELS",6.5
April,"05 - FURNISHINGS, HOUSEHOLD EQUIPMENT AND ROUTINE HOUSEHOLD MAINTENANCE",6.1
April,06 - HEALTH,4.1
April,07 - TRANSPORT,2.6
April,08 - INFORMATION AND COMMUNICATION,0.7
April,"09 - RECREATION, SPORT AND CULTURE",4.7
April,10 - EDUCATION SERVICES,3.6
April,11 - RESTAURANTS AND ACCOMMODATION SERVICES,8.6
April,12 - FINANCIAL SERVICES,0.0
April,"13 - PERSONAL CARE, AND MISCELLANEOUS GOODS AND SERVICES",5.7
May,0 - ALL ITEMS,6.1
May,01 - FOOD AND NON-ALCOHOLIC BEVERAGES,7.4
May,02 - ALCOHOLIC BEVERAGES AND TOBACCO,12.3
May,03 - CLOTHING AND FOOTWEAR,5.1
May,"04 - HOUSING, WATER, ELECTRICITY, GAS, AND OTHER FUELS",6.5
May,"05 - FURNISHINGS, HOUSEHOLD EQUIPMENT AND ROUTINE HOUSEHOLD MAINTENANCE",6.2
May,06 - HEALTH,4.1
May,07 - TRANSPORT,-0.5
May,08 - INFORMATION AND COMMUNICATION,0.7
May,"09 - RECREATION, SPORT AND CULTURE",4.9
May,10 - EDUCATION SERVICES,3.6
May,11 - RESTAURANTS AND ACCOMMODATION SERVICES,8.3
May,12 - FINANCIAL SERVICES,0.0
May,"13 - PERSONAL CARE, AND MISCELLANEOUS GOODS AND SERVICES",5.7
June,0 - ALL ITEMS,5.4
June,01 - FOOD AND NON-ALCOHOLIC BEVERAGES,6.7
June,02 - ALCOHOLIC BEVERAGES AND TOBACCO,11.6
June,03 - CLOTHING AND FOOTWEAR,5.1
June,"04 - HOUSING, WATER, ELECTRICITY, GAS, AND OTHER FUELS",5.6
June,"05 - FURNISHINGS, HOUSEHOLD EQUIPMENT AND ROUTINE HOUSEHOLD MAINTENANCE",6.0
June,06 - HEALTH,3.9
June,07 - TRANSPORT,-3.1
June,08 - INFORMATION AND COMMUNICATION,0.7
June,"09 - RECREATION, SPORT AND CULTURE",4.8
June,10 - EDUCATION SERVICES,3.6
June,11 - RESTAURANTS AND ACCOMMODATION SERVICES,8.2
June,12 - FINANCIAL SERVICES,0.0
June,"13 - PERSONAL CARE, AND MISCELLANEOUS GOODS AND SERVICES",5.8
July,0 - ALL ITEMS,4.7
July,01 - FOOD AND NON-ALCOHOLIC BEVERAGES,6.3
July,02 - ALCOHOLIC BEVERAGES AND TOBACCO,10.9
July,03 - CLOTHING AND FOOTWEAR,4.8
July,"04 - HOUSING, WATER, ELECTRICITY, GAS, AND OTHER FUELS",4.5
July,"05 - FURNISHINGS, HOUSEHOLD EQUIPMENT AND ROUTINE HOUSEHOLD MAINTENANCE",5.8
July,06 - HEALTH,3.9
July,07 - TRANSPORT,-4.7
July,08 - INFORMATION AND COMMUNICATION,0.7
July,"09 - RECREATION, SPORT AND CULTURE",4.7
July,10 - EDUCATION SERVICES,3.7
July,11 - RESTAURANTS AND ACCOMMODATION SERVICES,7.9
July,12 - FINANCIAL SERVICES,0.0
July,"13 - PERSONAL CARE, AND MISCELLANEOUS GOODS AND SERVICES",5.6
August,0 - ALL ITEMS,5.3
August,01 - FOOD AND NON-ALCOHOLIC BEVERAGES,8.1
August,02 - ALCOHOLIC BEVERAGES AND TOBACCO,10.1
August,03 - CLOTHING AND FOOTWEAR,4.8
August,"04 - HOUSING, WATER, ELECTRICITY, GAS, AND OTHER FUELS",2.5
August,"05 - FURNISHINGS, HOUSEHOLD EQUIPMENT AND ROUTINE HOUSEHOLD MAINTENANCE",5.6
August,06 - HEALTH,3.9
August,07 - TRANSPORT,0.2
August,08 - INFORMATION AND COMMUNICATION,0.7
August,"09 - RECREATION, SPORT AND CULTURE",4.9
August,10 - EDUCATION SERVICES,2.9
August,11 - RESTAURANTS AND ACCOMMODATION SERVICES,7.1
August,12 - FINANCIAL SERVICES,0.0
August,"13 - PERSONAL CARE, AND MISCELLANEOUS GOODS AND SERVICES",5.5
September,0 - ALL ITEMS,6.1
September,01 - FOOD AND NON-ALCOHOLIC BEVERAGES,9.7
September,02 - ALCOHOLIC BEVERAGES AND TOBACCO,9.8
September,03 - CLOTHING AND FOOTWEAR,4.7
September,"04 - HOUSING, WATER, ELECTRICITY, GAS, AND OTHER FUELS",2.4
September,"05 - FURNISHINGS, HOUSEHOLD EQUIPMENT AND ROUTINE HOUSEHOLD MAINTENANCE",5.4
September,06 - HEALTH,4.1
September,07 - TRANSPORT,1.2
September,08 - INFORMATION AND COMMUNICATION,0.6
September,"09 - RECREATION, SPORT AND CULTURE",5.1
September,10 - EDUCATION SERVICES,3.8
September,11 - RESTAURANTS AND ACCOMMODATION SERVICES,7.1
September,12 - FINANCIAL SERVICES,0.0
September,"13 - PERSONAL CARE, AND MISCELLANEOUS GOODS AND SERVICES",5.4
October,0 - ALL ITEMS,4.9
October,01 - FOOD AND NON-ALCOHOLIC BEVERAGES,7.0
October,02 - ALCOHOLIC BEVERAGES AND TOBACCO,9.3
October,03 - CLOTHING AND FOOTWEAR,4.8
October,"04 - HOUSING, WATER, ELECTRICITY, GAS, AND OTHER FUELS",2.6
October,"05 - FURNISHINGS, HOUSEHOLD EQUIPMENT AND ROUTINE HOUSEHOLD MAINTENANCE",5.3
October,06 - HEALTH,4.0
October,07 - TRANSPORT,1.0
October,08 - INFORMATION AND COMMUNICATION,0.8
October,"09 - RECREATION, SPORT AND CULTURE",5.0
October,10 - EDUCATION SERVICES,3.8
October,11 - RESTAURANTS AND ACCOMMODATION SERVICES,6.3
October,12 - FINANCIAL SERVICES,0.0
October,"13 - PERSONAL CARE, AND MISCELLANEOUS GOODS AND SERVICES",5.3
November,0 - ALL ITEMS,4.1
November,01 - FOOD AND NON-ALCOHOLIC BEVERAGES,5.7
November,02 - ALCOHOLIC BEVERAGES AND TOBACCO,9.0
November,03 - CLOTHING AND FOOTWEAR,4.3
November,"04 - HOUSING, WATER, ELECTRICITY, GAS, AND OTHER FUELS",2.5
November,"05 - FURNISHINGS, HOUSEHOLD EQUIPMENT AND ROUTINE HOUSEHOLD MAINTENANCE",4.7
November,06 - HEALTH,3.8
November,07 - TRANSPORT,-0.8
November,08 - INFORMATION AND COMMUNICATION,0.6
November,"09 - RECREATION, SPORT AND CULTURE",4.9
November,10 - EDUCATION SERVICES,3.5
November,11 - RESTAURANTS AND ACCOMMODATION SERVICES,5.6
November,12 - FINANCIAL SERVICES,0.0
November,"13 - PERSONAL CARE, AND MISCELLANEOUS GOODS AND SERVICES",4.8
December,0 - ALL ITEMS,3.9
December,01 - FOOD AND NON-ALCOHOLIC BEVERAGES,5.4
December,02 - ALCOHOLIC BEVERAGES AND TOBACCO,9.0
December,03 - CLOTHING AND FOOTWEAR,4.2
December,"04 - HOUSING, WATER, ELECTRICITY, GAS, AND OTHER FUELS",1.5
December,"05 - FURNISHINGS, HOUSEHOLD EQUIPMENT AND ROUTINE HOUSEHOLD MAINTENANCE",4.5
December,06 - HEALTH,3.7
December,07 - TRANSPORT,0.4
December,08 - INFORMATION AND COMMUNICATION,0.5
December,"09 - RECREATION, SPORT AND CULTURE",4.2
December,10 - EDUCATION SERVICES,3.5
December,11 - RESTAURANTS AND ACCOMMODATION SERVICES,5.6
December,12 - FINANCIAL SERVICES,0.0
December,"13 - PERSONAL CARE, AND MISCELLANEOUS GOODS AND SERVICES",4.6