Month,Commodity Group,Inflation
January,0 - ALL ITEMS,8.1
January,01 - FOOD AND NON-ALCOHOLIC BEVERAGES,10.6
January,02 - ALCOHOLIC BEVERAGES AND TOBACCO,13.0
January,03 - CLOTHING AND FOOTWEAR,3.7
January,"04 - HOUSING, WATER, ELECTRICITY, GAS, AND OTHER FUELS",9.1
January,"05 - FURNISHINGS, HOUSEHOLD EQUIPMENT AND ROUTINE HOUSEHOLD MAINTENANCE",5.4
January,06 - HEALTH,4.3
January,07 - TRANSPORT,6.4
January,08 - INFORMATION AND COMMUNICATION,0.7
January,"09 - RECREATION, SPORT AND CULTURE",4.6
January,10 - EDUCATION SERVICES,1.7
January,11 - RESTAURANTS AND ACCOMMODATION SERVICES,1.7
January,12 - FINANCIAL SERVICES,0.0
January,"13 - PERSONAL CARE, AND MISCELLANEOUS GOODS AND SERVICES",4.7
February,0 - ALL ITEMS,7.9
February,01 - FOOD AND NON-ALCOHOLIC BEVERAGES,10.0
February,02 - ALCOHOLIC BEVERAGES AND TOBACCO,12.5
February,03 - CLOTHING AND FOOTWEAR,3.6
February,"04 - HOUSING, WATER, ELECTRICITY, GAS, AND OTHER FUELS",11.4
February,"05 - FURNISHINGS, HOUSEHOLD EQUIPMENT AND ROUTINE HOUSEHOLD MAINTENANCE",5.6
February,06 - HEALTH,4.4
February,07 - TRANSPORT,3.8
February,08 - INFORMATION AND COMMUNICATION,0.9
February,"09 - RECREATION, SPORT AND CULTURE",4.1
February,10 - EDUCATION SERVICES,1.7
February,11 - RESTAURANTS AND ACCOMMODATION SERVICES,2.1
February,12 - FINANCIAL SERVICES,0.0
February,"13 - PERSONAL CARE, AND MISCELLANEOUS GOODS AND SERVICES",4.8
March,0 - ALL ITEMS,6.2
March,01 - FOOD AND NON-ALCOHOLIC BEVERAGES,7.9
March,02 - ALCOHOLIC BEVERAGES AND TOBACCO,13.8
March,03 - CLOTHING AND FOOTWEAR,3.9
March,"04 - HOUSING, WATER, ELECTRICITY, GAS, AND OTHER FUELS",7.2
March,"05 - FURNISHINGS, HOUSEHOLD EQUIPMENT AND ROUTINE HOUSEHOLD MAINTENANCE",6.9
March,06 - HEALTH,2.8
March,07 - TRANSPORT,1.8
March,08 - INFORMATION AND COMMUNICATION,1.0
March,"09 - RECREATION, SPORT AND CULTURE",4.2
March,10 - EDUCATION SERVICES,1.7
March,11 - RESTAURANTS AND ACCOMMODATION SERVICES,2.1
March,12 - FINANCIAL SERVICES,0.0
March,"13 - PERSONAL CARE, AND MISCELLANEOUS GOODS AND SERVICES",5.3
April,0 - ALL ITEMS,4.8
April,01 - FOOD AND NON-ALCOHOLIC BEVERAGES,6.6
April,02 - ALCOHOLIC BEVERAGES AND TOBACCO,13.1
April,03 - CLOTHING AND FOOTWEAR,4.3
April,"04 - HOUSING, WATER, ELECTRICITY, GAS, AND OTHER FUELS",4.1
April,"05 - FURNISHINGS, HOUSEHOLD EQUIPMENT AND ROUTINE HOUSEHOLD MAINTENANCE",7.1
April,06 - HEALTH,2.7
April,07 - TRANSPORT,-1.6
April,08 - INFORMATION AND COMMUNICATION,1.0
April,"09 - RECREATION, SPORT AND CULTURE",3.9
April,10 - EDUCATION SERVICES,1.7
April,11 - RESTAURANTS AND ACCOMMODATION SERVICES,2.6
April,12 - FINANCIAL SERVICES,0.0
April,"13 - PERSONAL CARE, AND MISCELLANEOUS GOODS AND SERVICES",5.3
May,0 - ALL ITEMS,4.4
May,01 - FOOD AND NON-ALCOHOLIC BEVERAGES,6.1
May,02 - ALCOHOLIC BEVERAGES AND TOBACCO,12.0
May,03 - CLOTHING AND FOOTWEAR,4.7
May,"04 - HOUSING, WATER, ELECTRICITY, GAS, AND OTHER FUELS",4.5
May,"05 - FURNISHINGS, HOUSEHOLD EQUIPMENT AND ROUTINE HOUSEHOLD MAINTENANCE",7.2
May,06 - HEALTH,2.6
May,07 - TRANSPORT,-5.2
May,08 - INFORMATION AND COMMUNICATION,1.1
May,"09 - RECREATION, SPORT AND CULTURE",4.2
May,10 - EDUCATION SERVICES,1.7
May,11 - RESTAURANTS AND ACCOMMODATION SERVICES,3.4
May,12 - FINANCIAL SERVICES,0.0
May,"13 - PERSONAL CARE, AND MISCELLANEOUS GOODS AND SERVICES",5.5
June,0 - ALL ITEMS,3.6
June,01 - FOOD AND NON-ALCOHOLIC BEVERAGES,6.0
June,02 - ALCOHOLIC BEVERAGES AND TOBACCO,11.1
June,03 - CLOTHING AND FOOTWEAR,5.9
June,"04 - HOUSING, WATER, ELECTRICITY, GAS, AND OTHER FUELS",1.4
June,"05 - FURNISHINGS, HOUSEHOLD EQUIPMENT AND ROUTINE HOUSEHOLD MAINTENANCE",6.6
June,06 - HEALTH,3.3
June,07 - TRANSPORT,-7.8
June,08 - INFORMATION AND COMMUNICATION,0.7
June,"09 - RECREATION, SPORT AND CULTURE",6.0
June,10 - EDUCATION SERVICES,1.7
June,11 - RESTAURANTS AND ACCOMMODATION SERVICES,4.6
June,12 - FINANCIAL SERVICES,0.0
June,"13 - PERSONAL CARE, AND MISCELLANEOUS GOODS AND SERVICES",6.4
July,0 - ALL ITEMS,3.4
July,01 - FOOD AND NON-ALCOHOLIC BEVERAGES,6.0
July,02 - ALCOHOLIC BEVERAGES AND TOBACCO,10.8
July,03 - CLOTHING AND FOOTWEAR,6.2
July,"04 - HOUSING, WATER, ELECTRICITY, GAS, AND OTHER FUELS",0.1
July,"05 - FURNISHINGS, HOUSEHOLD EQUIPMENT AND ROUTINE HOUSEHOLD MAINTENANCE",6.4
July,06 - HEALTH,3.2
July,07 - TRANSPORT,-8.2
July,08 - INFORMATION AND COMMUNICATION,0.4
July,"09 - RECREATION, SPORT AND CULTURE",6.1
July,10 - EDUCATION SERVICES,1.7
July,11 - RESTAURANTS AND ACCOMMODATION SERVICES,4.6
July,12 - FINANCIAL SERVICES,0.0
July,"13 - PERSONAL CARE, AND MISCELLANEOUS GOODS AND SERVICES",6.6
August,0 - ALL ITEMS,4.5
August,01 - FOOD AND NON-ALCOHOLIC BEVERAGES,9.0
August,02 - ALCOHOLIC BEVERAGES AND TOBACCO,11.2
August,03 - CLOTHING AND FOOTWEAR,6.3
August,"04 - HOUSING, WATER, ELECTRICITY, GAS, AND OTHER FUELS",-3.6
August,"05 - FURNISHINGS, HOUSEHOLD EQUIPMENT AND ROUTINE HOUSEHOLD MAINTENANCE",6.2
August,06 - HEALTH,3.4
August,07 - TRANSPORT,-1.8
August,08 - INFORMATION AND COMMUNICATION,0.3
August,"09 - RECREATION, SPORT AND CULTURE",6.5
August,10 - EDUCATION SERVICES,2.4
August,11 - RESTAURANTS AND ACCOMMODATION SERVICES,3.8
August,12 - FINANCIAL SERVICES,0.0
August,"13 - PERSONAL CARE, AND MISCELLANEOUS GOODS AND SERVICES",6.2
September,0 - ALL ITEMS,5.3
September,01 - FOOD AND NON-ALCOHOLIC BEVERAGES,11.0
September,02 - ALCOHOLIC BEVERAGES AND TOBACCO,10.8
September,03 - CLOTHING AND FOOTWEAR,6.1
September,"04 - HOUSING, WATER, ELECTRICITY, GAS, AND OTHER FUELS",-4.0
September,"05 - FURNISHINGS, HOUSEHOLD EQUIPMENT AND ROUTINE HOUSEHOLD MAINTENANCE",6.1
September,06 - HEALTH,2.9
September,07 - TRANSPORT,-0.7
September,08 - INFORMATION AND COMMUNICATION,0.3
September,"09 - RECREATION, SPORT AND CULTURE",8.2
September,10 - EDUCATION SERVICES,4.6
September,11 - RESTAURANTS AND ACCOMMODATION SERVICES,3.4
September,12 - FINANCIAL SERVICES,0.0
September,"13 - PERSONAL CARE, AND MISCELLANEOUS GOODS AND SERVICES",6.1
October,0 - ALL ITEMS,3.4
October,01 - FOOD AND NON-ALCOHOLIC BEVERAGES,6.8
October,02 - ALCOHOLIC BEVERAGES AND TOBACCO,9.6
October,03 - CLOTHING AND FOOTWEAR,6.4
October,"04 - HOUSING, WATER, ELECTRICITY, GAS, AND OTHER FUELS",-4.8
October,"05 - FURNISHINGS, HOUSEHOLD EQUIPMENT AND ROUTINE HOUSEHOLD MAINTENANCE",6.0
October,06 - HEALTH,2.4
October,07 - TRANSPORT,-0.1
October,08 - INFORMATION AND COMMUNICATION,0.2
October,"09 - RECREATION, SPORT AND CULTURE",10.5
October,10 - EDUCATION SERVICES,4.6
October,11 - RESTAURANTS AND ACCOMMODATION SERVICES,3.5
October,12 - FINANCIAL SERVICES,0.0
October,"13 - PERSONAL CARE, AND MISCELLANEOUS GOODS AND SERVICES",5.3
November,0 - ALL ITEMS,2.4
November,01 - FOOD AND NON-ALCOHOLIC BEVERAGES,5.4
November,02 - ALCOHOLIC BEVERAGES AND TOBACCO,8.9
November,03 - CLOTHING AND FOOTWEAR,5.4
November,"04 - HOUSING, WATER, ELECTRICITY, GAS, AND OTHER FUELS",-6.0
November,"05 - FURNISHINGS, HOUSEHOLD EQUIPMENT AND ROUTINE HOUSEHOLD MAINTENANCE",6.3
November,06 - HEALTH,2.3
November,07 - TRANSPORT,-1.9
November,08 - INFORMATION AND COMMUNICATION,0.2
November,"09 - RECREATION, SPORT AND CULTURE",10.6
November,10 - EDUCATION SERVICES,4.6
November,11 - RESTAURANTS AND ACCOMMODATION SERVICES,3.5
November,12 - FINANCIAL SERVICES,0.0
November,"13 - PERSONAL CARE, AND MISCELLANEOUS GOODS AND SERVICES",5.7
December,0 - ALL ITEMS,1.6
December,01 - FOOD AND NON-ALCOHOLIC BEVERAGES,4.4
December,02 - ALCOHOLIC BEVERAGES AND TOBACCO,8.4
December,03 - CLOTHING AND FOOTWEAR,5.1
December,"04 - HOUSING, WATER, ELECTRICITY, GAS, AND OTHER FUELS",-8.0
December,"05 - FURNISHINGS, HOUSEHOLD EQUIPMENT AND ROUTINE HOUSEHOLD MAINTENANCE",5.7
December,06 - HEALTH,2.0
December,07 - TRANSPORT,-0.4
December,08 - INFORMATION AND COMMUNICATION,0.0
December,"09 - RECREATION, SPORT AND CULTURE",10.1
December,10 - EDUCATION SERVICES,4.6
December,11 - RESTAURANTS AND ACCOMMODATION SERVICES,3.4
December,12 - FINANCIAL SERVICES,0.0
December,"13 - PERSONAL CARE, AND MISCELLANEOUS GOODS AND SERVICES",5.5