Month,Commodity Group,Inflation
January,0 - ALL ITEMS,7.2
January,01 - FOOD AND NON-ALCOHOLIC BEVERAGES,7.4
January,02 - ALCOHOLIC BEVERAGES AND TOBACCO,10.0
January,03 - CLOTHING AND FOOTWEAR,2.8
January,"04 - HOUSING, WATER, ELECTRICITY, GAS, AND OTHER FUELS",9.6
January,"05 - FURNISHINGS, HOUSEHOLD EQUIPMENT AND ROUTINE HOUSEHOLD MAINTENANCE",4.7
January,06 - HEALTH,3.1
January,07 - TRANSPORT,8.1
January,08 - INFORMATION AND COMMUNICATION,1.2
January,"09 - RECREATION, SPORT AND CULTURE",2.0
January,10 - EDUCATION SERVICES,5.9
January,11 - RESTAURANTS AND ACCOMMODATION SERVICES,6.9
January,12 - FINANCIAL SERVICES,0.0
January,"13 - PERSONAL CARE, AND MISCELLANEOUS GOODS AND SERVICES",3.7
February,0 - ALL ITEMS,7.4
February,01 - FOOD AND NON-ALCOHOLIC BEVERAGES,8.8
February,02 - ALCOHOLIC BEVERAGES AND TOBACCO,10.4
February,03 - CLOTHING AND FOOTWEAR,3.0
February,"04 - HOUSING, WATER, ELECTRICITY, GAS, AND OTHER FUELS",8.8
February,"05 - FURNISHINGS, HOUSEHOLD EQUIPMENT AND ROUTINE HOUSEHOLD MAINTENANCE",5.1
February,06 - HEALTH,3.4
February,07 - TRANSPORT,5.6
February,08 - INFORMATION AND COMMUNICATION,1.2
February,"09 - RECREATION, SPORT AND CULTURE",2.1
February,10 - EDUCATION SERVICES,5.9
February,11 - RESTAURANTS AND ACCOMMODATION SERVICES,6.1
February,12 - FINANCIAL SERVICES,0.0
February,"13 - PERSONAL CARE, AND MISCELLANEOUS GOODS AND SERVICES",3.9
March,0 - ALL ITEMS,6.6
March,01 - FOOD AND NON-ALCOHOLIC BEVERAGES,8.2
March,02 - ALCOHOLIC BEVERAGES AND TOBACCO,11.3
March,03 - CLOTHING AND FOOTWEAR,3.1
March,"04 - HOUSING, WATER, ELECTRICITY, GAS, AND OTHER FUELS",7.3
March,"05 - FURNISHINGS, HOUSEHOLD EQUIPMENT AND ROUTINE HOUSEHOLD MAINTENANCE",4.6
March,06 - HEALTH,3.4
March,07 - TRANSPORT,4.0
March,08 - INFORMATION AND COMMUNICATION,1.2
March,"09 - RECREATION, SPORT AND CULTURE",2.2
March,10 - EDUCATION SERVICES,5.9
March,11 - RESTAURANTS AND ACCOMMODATION SERVICES,6.0
March,12 - FINANCIAL SERVICES,0.0
March,"13 - PERSONAL CARE, AND MISCELLANEOUS GOODS AND SERVICES",3.9
April,0 - ALL ITEMS,5.5
April,01 - FOOD AND NON-ALCOHOLIC BEVERAGES,7.1
April,02 - ALCOHOLIC BEVERAGES AND TOBACCO,12.0
April,03 - CLOTHING AND FOOTWEAR,3.3
April,"04 - HOUSING, WATER, ELECTRICITY, GAS, AND OTHER FUELS",7.3
April,"05 - FURNISHINGS, HOUSEHOLD EQUIPMENT AND ROUTINE HOUSEHOLD MAINTENANCE",4.8
April,06 - HEALTH,3.6
April,07 - TRANSPORT,-1.7
April,08 - INFORMATION AND COMMUNICATION,1.2
April,"09 - RECREATION, SPORT AND CULTURE",2.2
April,10 - EDUCATION SERVICES,5.9
April,11 - RESTAURANTS AND ACCOMMODATION SERVICES,6.1
April,12 - FINANCIAL SERVICES,0.0
April,"13 - PERSONAL CARE, AND MISCELLANEOUS GOODS AND SERVICES",4.0
May,0 - ALL ITEMS,5.4
May,01 - FOOD AND NON-ALCOHOLIC BEVERAGES,6.5
May,02 - ALCOHOLIC BEVERAGES AND TOBACCO,14.1
May,03 - CLOTHING AND FOOTWEAR,3.3
May,"04 - HOUSING, WATER, ELECTRICITY, GAS, AND OTHER FUELS",8.9
May,"05 - FURNISHINGS, HOUSEHOLD EQUIPMENT AND ROUTINE HOUSEHOLD MAINTENANCE",5.0
May,06 - HEALTH,3.7
May,07 - TRANSPORT,-5.8
May,08 - INFORMATION AND COMMUNICATION,1.2
May,"09 - RECREATION, SPORT AND CULTURE",2.3
May,10 - EDUCATION SERVICES,5.9
May,11 - RESTAURANTS AND ACCOMMODATION SERVICES,6.0
May,12 - FINANCIAL SERVICES,0.0
May,"13 - PERSONAL CARE, AND MISCELLANEOUS GOODS AND SERVICES",4.0
June,0 - ALL ITEMS,5.0
June,01 - FOOD AND NON-ALCOHOLIC BEVERAGES,6.5
June,02 - ALCOHOLIC BEVERAGES AND TOBACCO,14.6
June,03 - CLOTHING AND FOOTWEAR,3.6
June,"04 - HOUSING, WATER, ELECTRICITY, GAS, AND OTHER FUELS",7.8
June,"05 - FURNISHINGS, HOUSEHOLD EQUIPMENT AND ROUTINE HOUSEHOLD MAINTENANCE",4.9
June,06 - HEALTH,4.0
June,07 - TRANSPORT,-7.0
June,08 - INFORMATION AND COMMUNICATION,1.1
June,"09 - RECREATION, SPORT AND CULTURE",2.3
June,10 - EDUCATION SERVICES,5.9
June,11 - RESTAURANTS AND ACCOMMODATION SERVICES,6.2
June,12 - FINANCIAL SERVICES,0.0
June,"13 - PERSONAL CARE, AND MISCELLANEOUS GOODS AND SERVICES",5.2
July,0 - ALL ITEMS,4.1
July,01 - FOOD AND NON-ALCOHOLIC BEVERAGES,5.4
July,02 - ALCOHOLIC BEVERAGES AND TOBACCO,11.3
July,03 - CLOTHING AND FOOTWEAR,3.1
July,"04 - HOUSING, WATER, ELECTRICITY, GAS, AND OTHER FUELS",6.8
July,"05 - FURNISHINGS, HOUSEHOLD EQUIPMENT AND ROUTINE HOUSEHOLD MAINTENANCE",4.3
July,06 - HEALTH,3.7
July,07 - TRANSPORT,-6.9
July,08 - INFORMATION AND COMMUNICATION,0.9
July,"09 - RECREATION, SPORT AND CULTURE",1.8
July,10 - EDUCATION SERVICES,5.9
July,11 - RESTAURANTS AND ACCOMMODATION SERVICES,4.3
July,12 - FINANCIAL SERVICES,0.0
July,"13 - PERSONAL CARE, AND MISCELLANEOUS GOODS AND SERVICES",4.9
August,0 - ALL ITEMS,4.1
August,01 - FOOD AND NON-ALCOHOLIC BEVERAGES,4.6
August,02 - ALCOHOLIC BEVERAGES AND TOBACCO,10.4
August,03 - CLOTHING AND FOOTWEAR,3.1
August,"04 - HOUSING, WATER, ELECTRICITY, GAS, AND OTHER FUELS",4.9
August,"05 - FURNISHINGS, HOUSEHOLD EQUIPMENT AND ROUTINE HOUSEHOLD MAINTENANCE",4.8
August,06 - HEALTH,4.0
August,07 - TRANSPORT,-1.4
August,08 - INFORMATION AND COMMUNICATION,0.9
August,"09 - RECREATION, SPORT AND CULTURE",2.3
August,10 - EDUCATION SERVICES,6.3
August,11 - RESTAURANTS AND ACCOMMODATION SERVICES,4.0
August,12 - FINANCIAL SERVICES,0.0
August,"13 - PERSONAL CARE, AND MISCELLANEOUS GOODS AND SERVICES",5.1
September,0 - ALL ITEMS,3.8
September,01 - FOOD AND NON-ALCOHOLIC BEVERAGES,6.6
September,02 - ALCOHOLIC BEVERAGES AND TOBACCO,9.5
September,03 - CLOTHING AND FOOTWEAR,2.8
September,"04 - HOUSING, WATER, ELECTRICITY, GAS, AND OTHER FUELS",1.3
September,"05 - FURNISHINGS, HOUSEHOLD EQUIPMENT AND ROUTINE HOUSEHOLD MAINTENANCE",4.7
September,06 - HEALTH,3.6
September,07 - TRANSPORT,-1.9
September,08 - INFORMATION AND COMMUNICATION,0.4
September,"09 - RECREATION, SPORT AND CULTURE",2.5
September,10 - EDUCATION SERVICES,5.8
September,11 - RESTAURANTS AND ACCOMMODATION SERVICES,3.7
September,12 - FINANCIAL SERVICES,0.0
September,"13 - PERSONAL CARE, AND MISCELLANEOUS GOODS AND SERVICES",4.4
October,0 - ALL ITEMS,4.1
October,01 - FOOD AND NON-ALCOHOLIC BEVERAGES,5.3
October,02 - ALCOHOLIC BEVERAGES AND TOBACCO,9.7
October,03 - CLOTHING AND FOOTWEAR,2.8
October,"04 - HOUSING, WATER, ELECTRICITY, GAS, AND OTHER FUELS",2.4
October,"05 - FURNISHINGS, HOUSEHOLD EQUIPMENT AND ROUTINE HOUSEHOLD MAINTENANCE",4.3
October,06 - HEALTH,4.5
October,07 - TRANSPORT,2.9
October,08 - INFORMATION AND COMMUNICATION,0.4
October,"09 - RECREATION, SPORT AND CULTURE",3.5
October,10 - EDUCATION SERVICES,5.2
October,11 - RESTAURANTS AND ACCOMMODATION SERVICES,3.9
October,12 - FINANCIAL SERVICES,0.0
October,"13 - PERSONAL CARE, AND MISCELLANEOUS GOODS AND SERVICES",4.9
November,0 - ALL ITEMS,3.8
November,01 - FOOD AND NON-ALCOHOLIC BEVERAGES,5.3
November,02 - ALCOHOLIC BEVERAGES AND TOBACCO,9.6
November,03 - CLOTHING AND FOOTWEAR,2.6
November,"04 - HOUSING, WATER, ELECTRICITY, GAS, AND OTHER FUELS",2.2
November,"05 - FURNISHINGS, HOUSEHOLD EQUIPMENT AND ROUTINE HOUSEHOLD MAINTENANCE",3.4
November,06 - HEALTH,4.5
November,07 - TRANSPORT,1.5
November,08 - INFORMATION AND COMMUNICATION,0.3
November,"09 - RECREATION, SPORT AND CULTURE",3.7
November,10 - EDUCATION SERVICES,1.5
November,11 - RESTAURANTS AND ACCOMMODATION SERVICES,4.1
November,12 - FINANCIAL SERVICES,0.0
November,"13 - PERSONAL CARE, AND MISCELLANEOUS GOODS AND SERVICES",4.5
December,0 - ALL ITEMS,3.9
December,01 - FOOD AND NON-ALCOHOLIC BEVERAGES,5.5
December,02 - ALCOHOLIC BEVERAGES AND TOBACCO,10.4
December,03 - CLOTHING AND FOOTWEAR,2.6
December,"04 - HOUSING, WATER, ELECTRICITY, GAS, AND OTHER FUELS",1.7
December,"05 - FURNISHINGS, HOUSEHOLD EQUIPMENT AND ROUTINE HOUSEHOLD MAINTENANCE",3.3
December,06 - HEALTH,4.6
December,07 - TRANSPORT,3.8
December,08 - INFORMATION AND COMMUNICATION,0.3
December,"09 - RECREATION, SPORT AND CULTURE",3.6
December,10 - EDUCATION SERVICES,1.5
December,11 - RESTAURANTS AND ACCOMMODATION SERVICES,4.0
December,12 - FINANCIAL SERVICES,0.0
December,"13 - PERSONAL CARE, AND MISCELLANEOUS GOODS AND SERVICES",4.5