Month,Commodity Group,Inflation
January,0 - ALL ITEMS,8.1
January,01 - FOOD AND NON-ALCOHOLIC BEVERAGES,10.4
January,02 - ALCOHOLIC BEVERAGES AND TOBACCO,10.1
January,03 - CLOTHING AND FOOTWEAR,2.8
January,"04 - HOUSING, WATER, ELECTRICITY, GAS, AND OTHER FUELS",10.2
January,"05 - FURNISHINGS, HOUSEHOLD EQUIPMENT AND ROUTINE HOUSEHOLD MAINTENANCE",2.3
January,06 - HEALTH,1.9
January,07 - TRANSPORT,4.5
January,08 - INFORMATION AND COMMUNICATION,0.6
January,"09 - RECREATION, SPORT AND CULTURE",3.8
January,10 - EDUCATION SERVICES,3.5
January,11 - RESTAURANTS AND ACCOMMODATION SERVICES,7.2
January,12 - FINANCIAL SERVICES,0.0
January,"13 - PERSONAL CARE, AND MISCELLANEOUS GOODS AND SERVICES",3.2
February,0 - ALL ITEMS,8.3
February,01 - FOOD AND NON-ALCOHOLIC BEVERAGES,10.2
February,02 - ALCOHOLIC BEVERAGES AND TOBACCO,10.5
February,03 - CLOTHING AND FOOTWEAR,2.9
February,"04 - HOUSING, WATER, ELECTRICITY, GAS, AND OTHER FUELS",11.6
February,"05 - FURNISHINGS, HOUSEHOLD EQUIPMENT AND ROUTINE HOUSEHOLD MAINTENANCE",3.2
February,06 - HEALTH,2.2
February,07 - TRANSPORT,3.7
February,08 - INFORMATION AND COMMUNICATION,0.7
February,"09 - RECREATION, SPORT AND CULTURE",4.2
February,10 - EDUCATION SERVICES,3.5
February,11 - RESTAURANTS AND ACCOMMODATION SERVICES,7.1
February,12 - FINANCIAL SERVICES,0.0
February,"13 - PERSONAL CARE, AND MISCELLANEOUS GOODS AND SERVICES",3.8
March,0 - ALL ITEMS,7.3
March,01 - FOOD AND NON-ALCOHOLIC BEVERAGES,9.3
March,02 - ALCOHOLIC BEVERAGES AND TOBACCO,13.4
March,03 - CLOTHING AND FOOTWEAR,3.3
March,"04 - HOUSING, WATER, ELECTRICITY, GAS, AND OTHER FUELS",10.3
March,"05 - FURNISHINGS, HOUSEHOLD EQUIPMENT AND ROUTINE HOUSEHOLD MAINTENANCE",3.4
March,06 - HEALTH,2.1
March,07 - TRANSPORT,-0.5
March,08 - INFORMATION AND COMMUNICATION,0.5
March,"09 - RECREATION, SPORT AND CULTURE",4.0
March,10 - EDUCATION SERVICES,3.5
March,11 - RESTAURANTS AND ACCOMMODATION SERVICES,7.5
March,12 - FINANCIAL SERVICES,0.0
March,"13 - PERSONAL CARE, AND MISCELLANEOUS GOODS AND SERVICES",4.5
April,0 - ALL ITEMS,6.2
April,01 - FOOD AND NON-ALCOHOLIC BEVERAGES,7.2
April,02 - ALCOHOLIC BEVERAGES AND TOBACCO,12.9
April,03 - CLOTHING AND FOOTWEAR,4.2
April,"04 - HOUSING, WATER, ELECTRICITY, GAS, AND OTHER FUELS",9.4
April,"05 - FURNISHINGS, HOUSEHOLD EQUIPMENT AND ROUTINE HOUSEHOLD MAINTENANCE",3.5
April,06 - HEALTH,2.2
April,07 - TRANSPORT,-1.7
April,08 - INFORMATION AND COMMUNICATION,0.4
April,"09 - RECREATION, SPORT AND CULTURE",5.5
April,10 - EDUCATION SERVICES,3.5
April,11 - RESTAURANTS AND ACCOMMODATION SERVICES,8.0
April,12 - FINANCIAL SERVICES,0.0
April,"13 - PERSONAL CARE, AND MISCELLANEOUS GOODS AND SERVICES",4.7
May,0 - ALL ITEMS,5.4
May,01 - FOOD AND NON-ALCOHOLIC BEVERAGES,6.4
May,02 - ALCOHOLIC BEVERAGES AND TOBACCO,12.2
May,03 - CLOTHING AND FOOTWEAR,4.3
May,"04 - HOUSING, WATER, ELECTRICITY, GAS, AND OTHER FUELS",9.6
May,"05 - FURNISHINGS, HOUSEHOLD EQUIPMENT AND ROUTINE HOUSEHOLD MAINTENANCE",3.6
May,06 - HEALTH,1.7
May,07 - TRANSPORT,-4.5
May,08 - INFORMATION AND COMMUNICATION,0.5
May,"09 - RECREATION, SPORT AND CULTURE",5.1
May,10 - EDUCATION SERVICES,3.5
May,11 - RESTAURANTS AND ACCOMMODATION SERVICES,7.1
May,12 - FINANCIAL SERVICES,0.0
May,"13 - PERSONAL CARE, AND MISCELLANEOUS GOODS AND SERVICES",5.4
June,0 - ALL ITEMS,4.7
June,01 - FOOD AND NON-ALCOHOLIC BEVERAGES,5.7
June,02 - ALCOHOLIC BEVERAGES AND TOBACCO,10.5
June,03 - CLOTHING AND FOOTWEAR,4.4
June,"04 - HOUSING, WATER, ELECTRICITY, GAS, AND OTHER FUELS",9.1
June,"05 - FURNISHINGS, HOUSEHOLD EQUIPMENT AND ROUTINE HOUSEHOLD MAINTENANCE",3.6
June,06 - HEALTH,1.9
June,07 - TRANSPORT,-6.8
June,08 - INFORMATION AND COMMUNICATION,0.6
June,"09 - RECREATION, SPORT AND CULTURE",5.5
June,10 - EDUCATION SERVICES,3.5
June,11 - RESTAURANTS AND ACCOMMODATION SERVICES,6.8
June,12 - FINANCIAL SERVICES,0.0
June,"13 - PERSONAL CARE, AND MISCELLANEOUS GOODS AND SERVICES",5.7
July,0 - ALL ITEMS,3.8
July,01 - FOOD AND NON-ALCOHOLIC BEVERAGES,4.4
July,02 - ALCOHOLIC BEVERAGES AND TOBACCO,9.6
July,03 - CLOTHING AND FOOTWEAR,4.5
July,"04 - HOUSING, WATER, ELECTRICITY, GAS, AND OTHER FUELS",7.9
July,"05 - FURNISHINGS, HOUSEHOLD EQUIPMENT AND ROUTINE HOUSEHOLD MAINTENANCE",3.4
July,06 - HEALTH,1.8
July,07 - TRANSPORT,-7.3
July,08 - INFORMATION AND COMMUNICATION,0.6
July,"09 - RECREATION, SPORT AND CULTURE",5.7
July,10 - EDUCATION SERVICES,3.5
July,11 - RESTAURANTS AND ACCOMMODATION SERVICES,5.9
July,12 - FINANCIAL SERVICES,0.0
July,"13 - PERSONAL CARE, AND MISCELLANEOUS GOODS AND SERVICES",5.8
August,0 - ALL ITEMS,4.4
August,01 - FOOD AND NON-ALCOHOLIC BEVERAGES,6.1
August,02 - ALCOHOLIC BEVERAGES AND TOBACCO,8.9
August,03 - CLOTHING AND FOOTWEAR,4.7
August,"04 - HOUSING, WATER, ELECTRICITY, GAS, AND OTHER FUELS",4.0
August,"05 - FURNISHINGS, HOUSEHOLD EQUIPMENT AND ROUTINE HOUSEHOLD MAINTENANCE",3.5
August,06 - HEALTH,1.2
August,07 - TRANSPORT,-1.8
August,08 - INFORMATION AND COMMUNICATION,0.4
August,"09 - RECREATION, SPORT AND CULTURE",6.3
August,10 - EDUCATION SERVICES,0.3
August,11 - RESTAURANTS AND ACCOMMODATION SERVICES,4.1
August,12 - FINANCIAL SERVICES,0.0
August,"13 - PERSONAL CARE, AND MISCELLANEOUS GOODS AND SERVICES",5.9
September,0 - ALL ITEMS,5.1
September,01 - FOOD AND NON-ALCOHOLIC BEVERAGES,8.6
September,02 - ALCOHOLIC BEVERAGES AND TOBACCO,8.5
September,03 - CLOTHING AND FOOTWEAR,4.6
September,"04 - HOUSING, WATER, ELECTRICITY, GAS, AND OTHER FUELS",0.9
September,"05 - FURNISHINGS, HOUSEHOLD EQUIPMENT AND ROUTINE HOUSEHOLD MAINTENANCE",3.7
September,06 - HEALTH,1.4
September,07 - TRANSPORT,-0.7
September,08 - INFORMATION AND COMMUNICATION,0.7
September,"09 - RECREATION, SPORT AND CULTURE",6.7
September,10 - EDUCATION SERVICES,1.7
September,11 - RESTAURANTS AND ACCOMMODATION SERVICES,3.5
September,12 - FINANCIAL SERVICES,0.0
September,"13 - PERSONAL CARE, AND MISCELLANEOUS GOODS AND SERVICES",6.0
October,0 - ALL ITEMS,4.3
October,01 - FOOD AND NON-ALCOHOLIC BEVERAGES,7.3
October,02 - ALCOHOLIC BEVERAGES AND TOBACCO,7.9
October,03 - CLOTHING AND FOOTWEAR,4.5
October,"04 - HOUSING, WATER, ELECTRICITY, GAS, AND OTHER FUELS",-0.7
October,"05 - FURNISHINGS, HOUSEHOLD EQUIPMENT AND ROUTINE HOUSEHOLD MAINTENANCE",3.8
October,06 - HEALTH,1.3
October,07 - TRANSPORT,0.2
October,08 - INFORMATION AND COMMUNICATION,0.9
October,"09 - RECREATION, SPORT AND CULTURE",5.9
October,10 - EDUCATION SERVICES,1.7
October,11 - RESTAURANTS AND ACCOMMODATION SERVICES,3.3
October,12 - FINANCIAL SERVICES,0.0
October,"13 - PERSONAL CARE, AND MISCELLANEOUS GOODS AND SERVICES",6.0
November,0 - ALL ITEMS,4.1
November,01 - FOOD AND NON-ALCOHOLIC BEVERAGES,7.4
November,02 - ALCOHOLIC BEVERAGES AND TOBACCO,8.3
November,03 - CLOTHING AND FOOTWEAR,4.6
November,"04 - HOUSING, WATER, ELECTRICITY, GAS, AND OTHER FUELS",-1.0
November,"05 - FURNISHINGS, HOUSEHOLD EQUIPMENT AND ROUTINE HOUSEHOLD MAINTENANCE",3.7
November,06 - HEALTH,1.4
November,07 - TRANSPORT,-1.1
November,08 - INFORMATION AND COMMUNICATION,1.1
November,"09 - RECREATION, SPORT AND CULTURE",5.7
November,10 - EDUCATION SERVICES,1.7
November,11 - RESTAURANTS AND ACCOMMODATION SERVICES,2.9
November,12 - FINANCIAL SERVICES,0.0
November,"13 - PERSONAL CARE, AND MISCELLANEOUS GOODS AND SERVICES",5.9
December,0 - ALL ITEMS,4.1
December,01 - FOOD AND NON-ALCOHOLIC BEVERAGES,7.1
December,02 - ALCOHOLIC BEVERAGES AND TOBACCO,8.8
December,03 - CLOTHING AND FOOTWEAR,4.3
December,"04 - HOUSING, WATER, ELECTRICITY, GAS, AND OTHER FUELS",-0.7
December,"05 - FURNISHINGS, HOUSEHOLD EQUIPMENT AND ROUTINE HOUSEHOLD MAINTENANCE",3.6
December,06 - HEALTH,1.4
December,07 - TRANSPORT,-0.6
December,08 - INFORMATION AND COMMUNICATION,1.1
December,"09 - RECREATION, SPORT AND CULTURE",5.9
December,10 - EDUCATION SERVICES,1.7
December,11 - RESTAURANTS AND ACCOMMODATION SERVICES,3.2
December,12 - FINANCIAL SERVICES,0.0
December,"13 - PERSONAL CARE, AND MISCELLANEOUS GOODS AND SERVICES",5.7