Month,Commodity Group,Inflation
January,0 - ALL ITEMS,9.8
January,01 - FOOD AND NON-ALCOHOLIC BEVERAGES,12.0
January,02 - ALCOHOLIC BEVERAGES AND TOBACCO,15.1
January,03 - CLOTHING AND FOOTWEAR,6.7
January,"04 - HOUSING, WATER, ELECTRICITY, GAS, AND OTHER FUELS",8.7
January,"05 - FURNISHINGS, HOUSEHOLD EQUIPMENT AND ROUTINE HOUSEHOLD MAINTENANCE",6.1
January,06 - HEALTH,5.3
January,07 - TRANSPORT,13.9
January,08 - INFORMATION AND COMMUNICATION,0.6
January,"09 - RECREATION, SPORT AND CULTURE",6.8
January,10 - EDUCATION SERVICES,1.7
January,11 - RESTAURANTS AND ACCOMMODATION SERVICES,7.0
January,12 - FINANCIAL SERVICES,0.0
January,"13 - PERSONAL CARE, AND MISCELLANEOUS GOODS AND SERVICES",6.7
February,0 - ALL ITEMS,9.3
February,01 - FOOD AND NON-ALCOHOLIC BEVERAGES,10.7
February,02 - ALCOHOLIC BEVERAGES AND TOBACCO,15.5
February,03 - CLOTHING AND FOOTWEAR,7.3
February,"04 - HOUSING, WATER, ELECTRICITY, GAS, AND OTHER FUELS",8.4
February,"05 - FURNISHINGS, HOUSEHOLD EQUIPMENT AND ROUTINE HOUSEHOLD MAINTENANCE",6.9
February,06 - HEALTH,6.0
February,07 - TRANSPORT,11.5
February,08 - INFORMATION AND COMMUNICATION,0.8
February,"09 - RECREATION, SPORT AND CULTURE",7.0
February,10 - EDUCATION SERVICES,1.7
February,11 - RESTAURANTS AND ACCOMMODATION SERVICES,8.1
February,12 - FINANCIAL SERVICES,0.0
February,"13 - PERSONAL CARE, AND MISCELLANEOUS GOODS AND SERVICES",7.6
March,0 - ALL ITEMS,8.4
March,01 - FOOD AND NON-ALCOHOLIC BEVERAGES,9.2
March,02 - ALCOHOLIC BEVERAGES AND TOBACCO,16.7
March,03 - CLOTHING AND FOOTWEAR,7.5
March,"04 - HOUSING, WATER, ELECTRICITY, GAS, AND OTHER FUELS",7.9
March,"05 - FURNISHINGS, HOUSEHOLD EQUIPMENT AND ROUTINE HOUSEHOLD MAINTENANCE",7.1
March,06 - HEALTH,6.4
March,07 - TRANSPORT,7.7
March,08 - INFORMATION AND COMMUNICATION,0.8
March,"09 - RECREATION, SPORT AND CULTURE",7.2
March,10 - EDUCATION SERVICES,1.7
March,11 - RESTAURANTS AND ACCOMMODATION SERVICES,8.0
March,12 - FINANCIAL SERVICES,0.0
March,"13 - PERSONAL CARE, AND MISCELLANEOUS GOODS AND SERVICES",8.5
April,0 - ALL ITEMS,7.3
April,01 - FOOD AND NON-ALCOHOLIC BEVERAGES,7.6
April,02 - ALCOHOLIC BEVERAGES AND TOBACCO,17.8
April,03 - CLOTHING AND FOOTWEAR,8.0
April,"04 - HOUSING, WATER, ELECTRICITY, GAS, AND OTHER FUELS",7.0
April,"05 - FURNISHINGS, HOUSEHOLD EQUIPMENT AND ROUTINE HOUSEHOLD MAINTENANCE",7.7
April,06 - HEALTH,6.7
April,07 - TRANSPORT,4.6
April,08 - INFORMATION AND COMMUNICATION,0.9
April,"09 - RECREATION, SPORT AND CULTURE",7.5
April,10 - EDUCATION SERVICES,1.7
April,11 - RESTAURANTS AND ACCOMMODATION SERVICES,7.4
April,12 - FINANCIAL SERVICES,0.0
April,"13 - PERSONAL CARE, AND MISCELLANEOUS GOODS AND SERVICES",9.0
May,0 - ALL ITEMS,6.7
May,01 - FOOD AND NON-ALCOHOLIC BEVERAGES,7.4
May,02 - ALCOHOLIC BEVERAGES AND TOBACCO,16.4
May,03 - CLOTHING AND FOOTWEAR,8.1
May,"04 - HOUSING, WATER, ELECTRICITY, GAS, AND OTHER FUELS",5.5
May,"05 - FURNISHINGS, HOUSEHOLD EQUIPMENT AND ROUTINE HOUSEHOLD MAINTENANCE",7.7
May,06 - HEALTH,6.7
May,07 - TRANSPORT,1.8
May,08 - INFORMATION AND COMMUNICATION,0.9
May,"09 - RECREATION, SPORT AND CULTURE",8.1
May,10 - EDUCATION SERVICES,1.7
May,11 - RESTAURANTS AND ACCOMMODATION SERVICES,8.1
May,12 - FINANCIAL SERVICES,0.0
May,"13 - PERSONAL CARE, AND MISCELLANEOUS GOODS AND SERVICES",9.2
June,0 - ALL ITEMS,5.9
June,01 - FOOD AND NON-ALCOHOLIC BEVERAGES,7.1
June,02 - ALCOHOLIC BEVERAGES AND TOBACCO,15.3
June,03 - CLOTHING AND FOOTWEAR,8.2
June,"04 - HOUSING, WATER, ELECTRICITY, GAS, AND OTHER FUELS",3.9
June,"05 - FURNISHINGS, HOUSEHOLD EQUIPMENT AND ROUTINE HOUSEHOLD MAINTENANCE",7.6
June,06 - HEALTH,6.7
June,07 - TRANSPORT,-1.2
June,08 - INFORMATION AND COMMUNICATION,1.0
June,"09 - RECREATION, SPORT AND CULTURE",7.8
June,10 - EDUCATION SERVICES,1.7
June,11 - RESTAURANTS AND ACCOMMODATION SERVICES,8.2
June,12 - FINANCIAL SERVICES,0.0
June,"13 - PERSONAL CARE, AND MISCELLANEOUS GOODS AND SERVICES",9.1
July,0 - ALL ITEMS,5.2
July,01 - FOOD AND NON-ALCOHOLIC BEVERAGES,6.8
July,02 - ALCOHOLIC BEVERAGES AND TOBACCO,14.1
July,03 - CLOTHING AND FOOTWEAR,8.4
July,"04 - HOUSING, WATER, ELECTRICITY, GAS, AND OTHER FUELS",2.9
July,"05 - FURNISHINGS, HOUSEHOLD EQUIPMENT AND ROUTINE HOUSEHOLD MAINTENANCE",7.5
July,06 - HEALTH,6.6
July,07 - TRANSPORT,-3.6
July,08 - INFORMATION AND COMMUNICATION,0.8
July,"09 - RECREATION, SPORT AND CULTURE",8.3
July,10 - EDUCATION SERVICES,2.1
July,11 - RESTAURANTS AND ACCOMMODATION SERVICES,8.3
July,12 - FINANCIAL SERVICES,0.0
July,"13 - PERSONAL CARE, AND MISCELLANEOUS GOODS AND SERVICES",8.9
August,0 - ALL ITEMS,7.0
August,01 - FOOD AND NON-ALCOHOLIC BEVERAGES,10.7
August,02 - ALCOHOLIC BEVERAGES AND TOBACCO,11.6
August,03 - CLOTHING AND FOOTWEAR,8.5
August,"04 - HOUSING, WATER, ELECTRICITY, GAS, AND OTHER FUELS",1.8
August,"05 - FURNISHINGS, HOUSEHOLD EQUIPMENT AND ROUTINE HOUSEHOLD MAINTENANCE",7.3
August,06 - HEALTH,7.0
August,07 - TRANSPORT,1.6
August,08 - INFORMATION AND COMMUNICATION,0.8
August,"09 - RECREATION, SPORT AND CULTURE",8.6
August,10 - EDUCATION SERVICES,4.1
August,11 - RESTAURANTS AND ACCOMMODATION SERVICES,8.7
August,12 - FINANCIAL SERVICES,0.0
August,"13 - PERSONAL CARE, AND MISCELLANEOUS GOODS AND SERVICES",8.5
September,0 - ALL ITEMS,7.9
September,01 - FOOD AND NON-ALCOHOLIC BEVERAGES,12.0
September,02 - ALCOHOLIC BEVERAGES AND TOBACCO,10.9
September,03 - CLOTHING AND FOOTWEAR,8.6
September,"04 - HOUSING, WATER, ELECTRICITY, GAS, AND OTHER FUELS",3.4
September,"05 - FURNISHINGS, HOUSEHOLD EQUIPMENT AND ROUTINE HOUSEHOLD MAINTENANCE",7.2
September,06 - HEALTH,7.0
September,07 - TRANSPORT,2.9
September,08 - INFORMATION AND COMMUNICATION,0.7
September,"09 - RECREATION, SPORT AND CULTURE",8.8
September,10 - EDUCATION SERVICES,6.3
September,11 - RESTAURANTS AND ACCOMMODATION SERVICES,8.8
September,12 - FINANCIAL SERVICES,0.0
September,"13 - PERSONAL CARE, AND MISCELLANEOUS GOODS AND SERVICES",8.9
October,0 - ALL ITEMS,6.0
October,01 - FOOD AND NON-ALCOHOLIC BEVERAGES,7.4
October,02 - ALCOHOLIC BEVERAGES AND TOBACCO,11.1
October,03 - CLOTHING AND FOOTWEAR,8.1
October,"04 - HOUSING, WATER, ELECTRICITY, GAS, AND OTHER FUELS",2.5
October,"05 - FURNISHINGS, HOUSEHOLD EQUIPMENT AND ROUTINE HOUSEHOLD MAINTENANCE",7.2
October,06 - HEALTH,6.7
October,07 - TRANSPORT,2.3
October,08 - INFORMATION AND COMMUNICATION,0.7
October,"09 - RECREATION, SPORT AND CULTURE",8.8
October,10 - EDUCATION SERVICES,6.3
October,11 - RESTAURANTS AND ACCOMMODATION SERVICES,8.6
October,12 - FINANCIAL SERVICES,0.0
October,"13 - PERSONAL CARE, AND MISCELLANEOUS GOODS AND SERVICES",8.8
November,0 - ALL ITEMS,5.0
November,01 - FOOD AND NON-ALCOHOLIC BEVERAGES,5.5
November,02 - ALCOHOLIC BEVERAGES AND TOBACCO,11.1
November,03 - CLOTHING AND FOOTWEAR,7.4
November,"04 - HOUSING, WATER, ELECTRICITY, GAS, AND OTHER FUELS",3.6
November,"05 - FURNISHINGS, HOUSEHOLD EQUIPMENT AND ROUTINE HOUSEHOLD MAINTENANCE",6.6
November,06 - HEALTH,6.7
November,07 - TRANSPORT,-0.8
November,08 - INFORMATION AND COMMUNICATION,0.8
November,"09 - RECREATION, SPORT AND CULTURE",8.5
November,10 - EDUCATION SERVICES,6.3
November,11 - RESTAURANTS AND ACCOMMODATION SERVICES,7.5
November,12 - FINANCIAL SERVICES,0.0
November,"13 - PERSONAL CARE, AND MISCELLANEOUS GOODS AND SERVICES",8.5
December,0 - ALL ITEMS,4.8
December,01 - FOOD AND NON-ALCOHOLIC BEVERAGES,5.5
December,02 - ALCOHOLIC BEVERAGES AND TOBACCO,10.8
December,03 - CLOTHING AND FOOTWEAR,7.1
December,"04 - HOUSING, WATER, ELECTRICITY, GAS, AND OTHER FUELS",3.2
December,"05 - FURNISHINGS, HOUSEHOLD EQUIPMENT AND ROUTINE HOUSEHOLD MAINTENANCE",5.9
December,06 - HEALTH,6.2
December,07 - TRANSPORT,-0.1
December,08 - INFORMATION AND COMMUNICATION,0.9
December,"09 - RECREATION, SPORT AND CULTURE",6.6
December,10 - EDUCATION SERVICES,6.3
December,11 - RESTAURANTS AND ACCOMMODATION SERVICES,6.6
December,12 - FINANCIAL SERVICES,0.0
December,"13 - PERSONAL CARE, AND MISCELLANEOUS GOODS AND SERVICES",7.3