Month,Commodity Group,Inflation
January,0 - ALL ITEMS,8.3
January,01 - FOOD AND NON-ALCOHOLIC BEVERAGES,9.3
January,02 - ALCOHOLIC BEVERAGES AND TOBACCO,9.2
January,03 - CLOTHING AND FOOTWEAR,9.3
January,"04 - HOUSING, WATER, ELECTRICITY, GAS, AND OTHER FUELS",10.2
January,"05 - FURNISHINGS, HOUSEHOLD EQUIPMENT AND ROUTINE HOUSEHOLD MAINTENANCE",4.9
January,06 - HEALTH,3.4
January,07 - TRANSPORT,7.6
January,08 - INFORMATION AND COMMUNICATION,1.3
January,"09 - RECREATION, SPORT AND CULTURE",4.4
January,10 - EDUCATION SERVICES,2.4
January,11 - RESTAURANTS AND ACCOMMODATION SERVICES,6.3
January,12 - FINANCIAL SERVICES,0.0
January,"13 - PERSONAL CARE, AND MISCELLANEOUS GOODS AND SERVICES",6.2
February,0 - ALL ITEMS,8.8
February,01 - FOOD AND NON-ALCOHOLIC BEVERAGES,9.8
February,02 - ALCOHOLIC BEVERAGES AND TOBACCO,9.3
February,03 - CLOTHING AND FOOTWEAR,9.4
February,"04 - HOUSING, WATER, ELECTRICITY, GAS, AND OTHER FUELS",11.9
February,"05 - FURNISHINGS, HOUSEHOLD EQUIPMENT AND ROUTINE HOUSEHOLD MAINTENANCE",4.7
February,06 - HEALTH,3.1
February,07 - TRANSPORT,6.9
February,08 - INFORMATION AND COMMUNICATION,1.1
February,"09 - RECREATION, SPORT AND CULTURE",4.5
February,10 - EDUCATION SERVICES,2.4
February,11 - RESTAURANTS AND ACCOMMODATION SERVICES,7.1
February,12 - FINANCIAL SERVICES,0.0
February,"13 - PERSONAL CARE, AND MISCELLANEOUS GOODS AND SERVICES",6.5
March,0 - ALL ITEMS,7.1
March,01 - FOOD AND NON-ALCOHOLIC BEVERAGES,8.0
March,02 - ALCOHOLIC BEVERAGES AND TOBACCO,10.9
March,03 - CLOTHING AND FOOTWEAR,9.4
March,"04 - HOUSING, WATER, ELECTRICITY, GAS, AND OTHER FUELS",8.0
March,"05 - FURNISHINGS, HOUSEHOLD EQUIPMENT AND ROUTINE HOUSEHOLD MAINTENANCE",4.5
March,06 - HEALTH,3.4
March,07 - TRANSPORT,3.6
March,08 - INFORMATION AND COMMUNICATION,1.2
March,"09 - RECREATION, SPORT AND CULTURE",4.9
March,10 - EDUCATION SERVICES,2.4
March,11 - RESTAURANTS AND ACCOMMODATION SERVICES,7.4
March,12 - FINANCIAL SERVICES,0.0
March,"13 - PERSONAL CARE, AND MISCELLANEOUS GOODS AND SERVICES",6.6
April,0 - ALL ITEMS,6.8
April,01 - FOOD AND NON-ALCOHOLIC BEVERAGES,7.4
April,02 - ALCOHOLIC BEVERAGES AND TOBACCO,13.3
April,03 - CLOTHING AND FOOTWEAR,9.8
April,"04 - HOUSING, WATER, ELECTRICITY, GAS, AND OTHER FUELS",7.8
April,"05 - FURNISHINGS, HOUSEHOLD EQUIPMENT AND ROUTINE HOUSEHOLD MAINTENANCE",4.4
April,06 - HEALTH,3.7
April,07 - TRANSPORT,1.9
April,08 - INFORMATION AND COMMUNICATION,1.4
April,"09 - RECREATION, SPORT AND CULTURE",5.8
April,10 - EDUCATION SERVICES,2.4
April,11 - RESTAURANTS AND ACCOMMODATION SERVICES,7.8
April,12 - FINANCIAL SERVICES,0.0
April,"13 - PERSONAL CARE, AND MISCELLANEOUS GOODS AND SERVICES",6.4
May,0 - ALL ITEMS,6.0
May,01 - FOOD AND NON-ALCOHOLIC BEVERAGES,6.8
May,02 - ALCOHOLIC BEVERAGES AND TOBACCO,13.5
May,03 - CLOTHING AND FOOTWEAR,9.5
May,"04 - HOUSING, WATER, ELECTRICITY, GAS, AND OTHER FUELS",6.8
May,"05 - FURNISHINGS, HOUSEHOLD EQUIPMENT AND ROUTINE HOUSEHOLD MAINTENANCE",4.3
May,06 - HEALTH,3.7
May,07 - TRANSPORT,-0.4
May,08 - INFORMATION AND COMMUNICATION,1.4
May,"09 - RECREATION, SPORT AND CULTURE",6.2
May,10 - EDUCATION SERVICES,2.4
May,11 - RESTAURANTS AND ACCOMMODATION SERVICES,7.8
May,12 - FINANCIAL SERVICES,0.0
May,"13 - PERSONAL CARE, AND MISCELLANEOUS GOODS AND SERVICES",6.3
June,0 - ALL ITEMS,5.3
June,01 - FOOD AND NON-ALCOHOLIC BEVERAGES,6.3
June,02 - ALCOHOLIC BEVERAGES AND TOBACCO,12.9
June,03 - CLOTHING AND FOOTWEAR,9.0
June,"04 - HOUSING, WATER, ELECTRICITY, GAS, AND OTHER FUELS",4.6
June,"05 - FURNISHINGS, HOUSEHOLD EQUIPMENT AND ROUTINE HOUSEHOLD MAINTENANCE",4.3
June,06 - HEALTH,3.4
June,07 - TRANSPORT,-1.9
June,08 - INFORMATION AND COMMUNICATION,1.3
June,"09 - RECREATION, SPORT AND CULTURE",5.8
June,10 - EDUCATION SERVICES,2.4
June,11 - RESTAURANTS AND ACCOMMODATION SERVICES,7.7
June,12 - FINANCIAL SERVICES,0.0
June,"13 - PERSONAL CARE, AND MISCELLANEOUS GOODS AND SERVICES",6.0
July,0 - ALL ITEMS,4.6
July,01 - FOOD AND NON-ALCOHOLIC BEVERAGES,5.9
July,02 - ALCOHOLIC BEVERAGES AND TOBACCO,12.5
July,03 - CLOTHING AND FOOTWEAR,8.4
July,"04 - HOUSING, WATER, ELECTRICITY, GAS, AND OTHER FUELS",3.4
July,"05 - FURNISHINGS, HOUSEHOLD EQUIPMENT AND ROUTINE HOUSEHOLD MAINTENANCE",4.1
July,06 - HEALTH,3.0
July,07 - TRANSPORT,-3.6
July,08 - INFORMATION AND COMMUNICATION,1.5
July,"09 - RECREATION, SPORT AND CULTURE",5.4
July,10 - EDUCATION SERVICES,2.4
July,11 - RESTAURANTS AND ACCOMMODATION SERVICES,7.5
July,12 - FINANCIAL SERVICES,0.0
July,"13 - PERSONAL CARE, AND MISCELLANEOUS GOODS AND SERVICES",5.3
August,0 - ALL ITEMS,4.4
August,01 - FOOD AND NON-ALCOHOLIC BEVERAGES,7.2
August,02 - ALCOHOLIC BEVERAGES AND TOBACCO,12.8
August,03 - CLOTHING AND FOOTWEAR,8.3
August,"04 - HOUSING, WATER, ELECTRICITY, GAS, AND OTHER FUELS",-2.4
August,"05 - FURNISHINGS, HOUSEHOLD EQUIPMENT AND ROUTINE HOUSEHOLD MAINTENANCE",3.9
August,06 - HEALTH,2.5
August,07 - TRANSPORT,0.2
August,08 - INFORMATION AND COMMUNICATION,1.3
August,"09 - RECREATION, SPORT AND CULTURE",5.2
August,10 - EDUCATION SERVICES,1.6
August,11 - RESTAURANTS AND ACCOMMODATION SERVICES,7.8
August,12 - FINANCIAL SERVICES,0.0
August,"13 - PERSONAL CARE, AND MISCELLANEOUS GOODS AND SERVICES",4.7
September,0 - ALL ITEMS,5.6
September,01 - FOOD AND NON-ALCOHOLIC BEVERAGES,10.3
September,02 - ALCOHOLIC BEVERAGES AND TOBACCO,12.3
September,03 - CLOTHING AND FOOTWEAR,7.4
September,"04 - HOUSING, WATER, ELECTRICITY, GAS, AND OTHER FUELS",-3.2
September,"05 - FURNISHINGS, HOUSEHOLD EQUIPMENT AND ROUTINE HOUSEHOLD MAINTENANCE",3.9
September,06 - HEALTH,2.6
September,07 - TRANSPORT,1.1
September,08 - INFORMATION AND COMMUNICATION,1.9
September,"09 - RECREATION, SPORT AND CULTURE",5.3
September,10 - EDUCATION SERVICES,3.2
September,11 - RESTAURANTS AND ACCOMMODATION SERVICES,6.7
September,12 - FINANCIAL SERVICES,0.0
September,"13 - PERSONAL CARE, AND MISCELLANEOUS GOODS AND SERVICES",4.0
October,0 - ALL ITEMS,4.7
October,01 - FOOD AND NON-ALCOHOLIC BEVERAGES,8.0
October,02 - ALCOHOLIC BEVERAGES AND TOBACCO,10.5
October,03 - CLOTHING AND FOOTWEAR,6.6
October,"04 - HOUSING, WATER, ELECTRICITY, GAS, AND OTHER FUELS",-2.8
October,"05 - FURNISHINGS, HOUSEHOLD EQUIPMENT AND ROUTINE HOUSEHOLD MAINTENANCE",3.8
October,06 - HEALTH,2.6
October,07 - TRANSPORT,2.2
October,08 - INFORMATION AND COMMUNICATION,4.3
October,"09 - RECREATION, SPORT AND CULTURE",4.8
October,10 - EDUCATION SERVICES,3.2
October,11 - RESTAURANTS AND ACCOMMODATION SERVICES,6.2
October,12 - FINANCIAL SERVICES,0.0
October,"13 - PERSONAL CARE, AND MISCELLANEOUS GOODS AND SERVICES",3.9
November,0 - ALL ITEMS,4.5
November,01 - FOOD AND NON-ALCOHOLIC BEVERAGES,7.9
November,02 - ALCOHOLIC BEVERAGES AND TOBACCO,10.7
November,03 - CLOTHING AND FOOTWEAR,5.9
November,"04 - HOUSING, WATER, ELECTRICITY, GAS, AND OTHER FUELS",-3.7
November,"05 - FURNISHINGS, HOUSEHOLD EQUIPMENT AND ROUTINE HOUSEHOLD MAINTENANCE",3.7
November,06 - HEALTH,2.2
November,07 - TRANSPORT,1.4
November,08 - INFORMATION AND COMMUNICATION,3.8
November,"09 - RECREATION, SPORT AND CULTURE",4.7
November,10 - EDUCATION SERVICES,3.2
November,11 - RESTAURANTS AND ACCOMMODATION SERVICES,6.8
November,12 - FINANCIAL SERVICES,0.0
November,"13 - PERSONAL CARE, AND MISCELLANEOUS GOODS AND SERVICES",3.6
December,0 - ALL ITEMS,4.9
December,01 - FOOD AND NON-ALCOHOLIC BEVERAGES,8.1
December,02 - ALCOHOLIC BEVERAGES AND TOBACCO,11.2
December,03 - CLOTHING AND FOOTWEAR,5.4
December,"04 - HOUSING, WATER, ELECTRICITY, GAS, AND OTHER FUELS",-1.7
December,"05 - FURNISHINGS, HOUSEHOLD EQUIPMENT AND ROUTINE HOUSEHOLD MAINTENANCE",3.4
December,06 - HEALTH,2.2
December,07 - TRANSPORT,2.0
December,08 - INFORMATION AND COMMUNICATION,3.8
December,"09 - RECREATION, SPORT AND CULTURE",4.4
December,10 - EDUCATION SERVICES,3.2
December,11 - RESTAURANTS AND ACCOMMODATION SERVICES,6.5
December,12 - FINANCIAL SERVICES,0.0
December,"13 - PERSONAL CARE, AND MISCELLANEOUS GOODS AND SERVICES",3.6