Month,Commodity Group,Inflation
January,0 - ALL ITEMS,9.4
January,01 - FOOD AND NON-ALCOHOLIC BEVERAGES,10.0
January,02 - ALCOHOLIC BEVERAGES AND TOBACCO,13.9
January,03 - CLOTHING AND FOOTWEAR,6.0
January,"04 - HOUSING, WATER, ELECTRICITY, GAS, AND OTHER FUELS",8.8
January,"05 - FURNISHINGS, HOUSEHOLD EQUIPMENT AND ROUTINE HOUSEHOLD MAINTENANCE",8.3
January,06 - HEALTH,6.9
January,07 - TRANSPORT,12.7
January,08 - INFORMATION AND COMMUNICATION,1.4
January,"09 - RECREATION, SPORT AND CULTURE",6.7
January,10 - EDUCATION SERVICES,6.8
January,11 - RESTAURANTS AND ACCOMMODATION SERVICES,7.8
January,12 - FINANCIAL SERVICES,0.0
January,"13 - PERSONAL CARE, AND MISCELLANEOUS GOODS AND SERVICES",7.7
February,0 - ALL ITEMS,9.9
February,01 - FOOD AND NON-ALCOHOLIC BEVERAGES,11.2
February,02 - ALCOHOLIC BEVERAGES AND TOBACCO,14.9
February,03 - CLOTHING AND FOOTWEAR,6.2
February,"04 - HOUSING, WATER, ELECTRICITY, GAS, AND OTHER FUELS",9.6
February,"05 - FURNISHINGS, HOUSEHOLD EQUIPMENT AND ROUTINE HOUSEHOLD MAINTENANCE",8.3
February,06 - HEALTH,7.1
February,07 - TRANSPORT,9.5
February,08 - INFORMATION AND COMMUNICATION,1.6
February,"09 - RECREATION, SPORT AND CULTURE",7.1
February,10 - EDUCATION SERVICES,6.8
February,11 - RESTAURANTS AND ACCOMMODATION SERVICES,10.0
February,12 - FINANCIAL SERVICES,0.0
February,"13 - PERSONAL CARE, AND MISCELLANEOUS GOODS AND SERVICES",7.9
March,0 - ALL ITEMS,9.0
March,01 - FOOD AND NON-ALCOHOLIC BEVERAGES,10.2
March,02 - ALCOHOLIC BEVERAGES AND TOBACCO,17.1
March,03 - CLOTHING AND FOOTWEAR,6.5
March,"04 - HOUSING, WATER, ELECTRICITY, GAS, AND OTHER FUELS",8.9
March,"05 - FURNISHINGS, HOUSEHOLD EQUIPMENT AND ROUTINE HOUSEHOLD MAINTENANCE",8.0
March,06 - HEALTH,6.7
March,07 - TRANSPORT,4.6
March,08 - INFORMATION AND COMMUNICATION,1.6
March,"09 - RECREATION, SPORT AND CULTURE",7.1
March,10 - EDUCATION SERVICES,6.8
March,11 - RESTAURANTS AND ACCOMMODATION SERVICES,10.5
March,12 - FINANCIAL SERVICES,0.0
March,"13 - PERSONAL CARE, AND MISCELLANEOUS GOODS AND SERVICES",7.7
April,0 - ALL ITEMS,7.5
April,01 - FOOD AND NON-ALCOHOLIC BEVERAGES,7.8
April,02 - ALCOHOLIC BEVERAGES AND TOBACCO,18.0
April,03 - CLOTHING AND FOOTWEAR,6.7
April,"04 - HOUSING, WATER, ELECTRICITY, GAS, AND OTHER FUELS",7.8
April,"05 - FURNISHINGS, HOUSEHOLD EQUIPMENT AND ROUTINE HOUSEHOLD MAINTENANCE",7.5
April,06 - HEALTH,6.5
April,07 - TRANSPORT,3.2
April,08 - INFORMATION AND COMMUNICATION,1.7
April,"09 - RECREATION, SPORT AND CULTURE",7.8
April,10 - EDUCATION SERVICES,6.8
April,11 - RESTAURANTS AND ACCOMMODATION SERVICES,10.4
April,12 - FINANCIAL SERVICES,0.0
April,"13 - PERSONAL CARE, AND MISCELLANEOUS GOODS AND SERVICES",7.3
May,0 - ALL ITEMS,6.3
May,01 - FOOD AND NON-ALCOHOLIC BEVERAGES,6.0
May,02 - ALCOHOLIC BEVERAGES AND TOBACCO,18.3
May,03 - CLOTHING AND FOOTWEAR,6.5
May,"04 - HOUSING, WATER, ELECTRICITY, GAS, AND OTHER FUELS",7.3
May,"05 - FURNISHINGS, HOUSEHOLD EQUIPMENT AND ROUTINE HOUSEHOLD MAINTENANCE",7.2
May,06 - HEALTH,5.6
May,07 - TRANSPORT,-0.3
May,08 - INFORMATION AND COMMUNICATION,1.7
May,"09 - RECREATION, SPORT AND CULTURE",8.3
May,10 - EDUCATION SERVICES,6.8
May,11 - RESTAURANTS AND ACCOMMODATION SERVICES,9.9
May,12 - FINANCIAL SERVICES,0.0
May,"13 - PERSONAL CARE, AND MISCELLANEOUS GOODS AND SERVICES",6.7
June,0 - ALL ITEMS,5.7
June,01 - FOOD AND NON-ALCOHOLIC BEVERAGES,6.4
June,02 - ALCOHOLIC BEVERAGES AND TOBACCO,15.0
June,03 - CLOTHING AND FOOTWEAR,5.9
June,"04 - HOUSING, WATER, ELECTRICITY, GAS, AND OTHER FUELS",6.5
June,"05 - FURNISHINGS, HOUSEHOLD EQUIPMENT AND ROUTINE HOUSEHOLD MAINTENANCE",6.6
June,06 - HEALTH,5.7
June,07 - TRANSPORT,-2.9
June,08 - INFORMATION AND COMMUNICATION,1.6
June,"09 - RECREATION, SPORT AND CULTURE",7.8
June,10 - EDUCATION SERVICES,6.8
June,11 - RESTAURANTS AND ACCOMMODATION SERVICES,9.4
June,12 - FINANCIAL SERVICES,0.0
June,"13 - PERSONAL CARE, AND MISCELLANEOUS GOODS AND SERVICES",5.9
July,0 - ALL ITEMS,4.3
July,01 - FOOD AND NON-ALCOHOLIC BEVERAGES,5.3
July,02 - ALCOHOLIC BEVERAGES AND TOBACCO,14.7
July,03 - CLOTHING AND FOOTWEAR,5.7
July,"04 - HOUSING, WATER, ELECTRICITY, GAS, AND OTHER FUELS",4.2
July,"05 - FURNISHINGS, HOUSEHOLD EQUIPMENT AND ROUTINE HOUSEHOLD MAINTENANCE",6.1
July,06 - HEALTH,5.7
July,07 - TRANSPORT,-6.0
July,08 - INFORMATION AND COMMUNICATION,1.6
July,"09 - RECREATION, SPORT AND CULTURE",7.1
July,10 - EDUCATION SERVICES,6.8
July,11 - RESTAURANTS AND ACCOMMODATION SERVICES,6.7
July,12 - FINANCIAL SERVICES,0.0
July,"13 - PERSONAL CARE, AND MISCELLANEOUS GOODS AND SERVICES",5.5
August,0 - ALL ITEMS,3.9
August,01 - FOOD AND NON-ALCOHOLIC BEVERAGES,6.0
August,02 - ALCOHOLIC BEVERAGES AND TOBACCO,14.7
August,03 - CLOTHING AND FOOTWEAR,5.9
August,"04 - HOUSING, WATER, ELECTRICITY, GAS, AND OTHER FUELS",-2.4
August,"05 - FURNISHINGS, HOUSEHOLD EQUIPMENT AND ROUTINE HOUSEHOLD MAINTENANCE",6.0
August,06 - HEALTH,5.7
August,07 - TRANSPORT,-0.3
August,08 - INFORMATION AND COMMUNICATION,1.7
August,"09 - RECREATION, SPORT AND CULTURE",7.3
August,10 - EDUCATION SERVICES,3.9
August,11 - RESTAURANTS AND ACCOMMODATION SERVICES,6.8
August,12 - FINANCIAL SERVICES,0.0
August,"13 - PERSONAL CARE, AND MISCELLANEOUS GOODS AND SERVICES",6.1
September,0 - ALL ITEMS,5.4
September,01 - FOOD AND NON-ALCOHOLIC BEVERAGES,8.0
September,02 - ALCOHOLIC BEVERAGES AND TOBACCO,15.2
September,03 - CLOTHING AND FOOTWEAR,5.9
September,"04 - HOUSING, WATER, ELECTRICITY, GAS, AND OTHER FUELS",-1.1
September,"05 - FURNISHINGS, HOUSEHOLD EQUIPMENT AND ROUTINE HOUSEHOLD MAINTENANCE",6.1
September,06 - HEALTH,5.3
September,07 - TRANSPORT,1.5
September,08 - INFORMATION AND COMMUNICATION,1.3
September,"09 - RECREATION, SPORT AND CULTURE",7.5
September,10 - EDUCATION SERVICES,4.0
September,11 - RESTAURANTS AND ACCOMMODATION SERVICES,9.5
September,12 - FINANCIAL SERVICES,0.0
September,"13 - PERSONAL CARE, AND MISCELLANEOUS GOODS AND SERVICES",6.4
October,0 - ALL ITEMS,5.2
October,01 - FOOD AND NON-ALCOHOLIC BEVERAGES,7.1
October,02 - ALCOHOLIC BEVERAGES AND TOBACCO,13.8
October,03 - CLOTHING AND FOOTWEAR,6.1
October,"04 - HOUSING, WATER, ELECTRICITY, GAS, AND OTHER FUELS",-0.6
October,"05 - FURNISHINGS, HOUSEHOLD EQUIPMENT AND ROUTINE HOUSEHOLD MAINTENANCE",5.9
October,06 - HEALTH,5.2
October,07 - TRANSPORT,1.2
October,08 - INFORMATION AND COMMUNICATION,1.2
October,"09 - RECREATION, SPORT AND CULTURE",7.3
October,10 - EDUCATION SERVICES,4.0
October,11 - RESTAURANTS AND ACCOMMODATION SERVICES,11.3
October,12 - FINANCIAL SERVICES,0.0
October,"13 - PERSONAL CARE, AND MISCELLANEOUS GOODS AND SERVICES",6.3
November,0 - ALL ITEMS,4.9
November,01 - FOOD AND NON-ALCOHOLIC BEVERAGES,7.7
November,02 - ALCOHOLIC BEVERAGES AND TOBACCO,12.5
November,03 - CLOTHING AND FOOTWEAR,5.6
November,"04 - HOUSING, WATER, ELECTRICITY, GAS, AND OTHER FUELS",-1.5
November,"05 - FURNISHINGS, HOUSEHOLD EQUIPMENT AND ROUTINE HOUSEHOLD MAINTENANCE",5.1
November,06 - HEALTH,4.6
November,07 - TRANSPORT,0.4
November,08 - INFORMATION AND COMMUNICATION,1.0
November,"09 - RECREATION, SPORT AND CULTURE",7.0
November,10 - EDUCATION SERVICES,4.0
November,11 - RESTAURANTS AND ACCOMMODATION SERVICES,10.1
November,12 - FINANCIAL SERVICES,0.0
November,"13 - PERSONAL CARE, AND MISCELLANEOUS GOODS AND SERVICES",5.6
December,0 - ALL ITEMS,5.3
December,01 - FOOD AND NON-ALCOHOLIC BEVERAGES,8.5
December,02 - ALCOHOLIC BEVERAGES AND TOBACCO,12.2
December,03 - CLOTHING AND FOOTWEAR,5.8
December,"04 - HOUSING, WATER, ELECTRICITY, GAS, AND OTHER FUELS",-1.9
December,"05 - FURNISHINGS, HOUSEHOLD EQUIPMENT AND ROUTINE HOUSEHOLD MAINTENANCE",4.7
December,06 - HEALTH,4.5
December,07 - TRANSPORT,1.5
December,08 - INFORMATION AND COMMUNICATION,0.8
December,"09 - RECREATION, SPORT AND CULTURE",6.5
December,10 - EDUCATION SERVICES,4.0
December,11 - RESTAURANTS AND ACCOMMODATION SERVICES,10.7
December,12 - FINANCIAL SERVICES,0.0
December,"13 - PERSONAL CARE, AND MISCELLANEOUS GOODS AND SERVICES",5.0