Month,Commodity Group,Inflation
January,0 - ALL ITEMS,7.4
January,01 - FOOD AND NON-ALCOHOLIC BEVERAGES,9.4
January,02 - ALCOHOLIC BEVERAGES AND TOBACCO,10.5
January,03 - CLOTHING AND FOOTWEAR,4.4
January,"04 - HOUSING, WATER, ELECTRICITY, GAS, AND OTHER FUELS",5.5
January,"05 - FURNISHINGS, HOUSEHOLD EQUIPMENT AND ROUTINE HOUSEHOLD MAINTENANCE",5.5
January,06 - HEALTH,3.5
January,07 - TRANSPORT,9.9
January,08 - INFORMATION AND COMMUNICATION,1.5
January,"09 - RECREATION, SPORT AND CULTURE",5.2
January,10 - EDUCATION SERVICES,1.1
January,11 - RESTAURANTS AND ACCOMMODATION SERVICES,4.0
January,12 - FINANCIAL SERVICES,0.0
January,"13 - PERSONAL CARE, AND MISCELLANEOUS GOODS AND SERVICES",5.2
February,0 - ALL ITEMS,7.4
February,01 - FOOD AND NON-ALCOHOLIC BEVERAGES,9.6
February,02 - ALCOHOLIC BEVERAGES AND TOBACCO,10.1
February,03 - CLOTHING AND FOOTWEAR,4.8
February,"04 - HOUSING, WATER, ELECTRICITY, GAS, AND OTHER FUELS",5.9
February,"05 - FURNISHINGS, HOUSEHOLD EQUIPMENT AND ROUTINE HOUSEHOLD MAINTENANCE",5.6
February,06 - HEALTH,4.0
February,07 - TRANSPORT,7.3
February,08 - INFORMATION AND COMMUNICATION,1.4
February,"09 - RECREATION, SPORT AND CULTURE",5.6
February,10 - EDUCATION SERVICES,1.1
February,11 - RESTAURANTS AND ACCOMMODATION SERVICES,4.3
February,12 - FINANCIAL SERVICES,0.0
February,"13 - PERSONAL CARE, AND MISCELLANEOUS GOODS AND SERVICES",5.1
March,0 - ALL ITEMS,7.3
March,01 - FOOD AND NON-ALCOHOLIC BEVERAGES,10.3
March,02 - ALCOHOLIC BEVERAGES AND TOBACCO,11.6
March,03 - CLOTHING AND FOOTWEAR,5.9
March,"04 - HOUSING, WATER, ELECTRICITY, GAS, AND OTHER FUELS",5.4
March,"05 - FURNISHINGS, HOUSEHOLD EQUIPMENT AND ROUTINE HOUSEHOLD MAINTENANCE",5.6
March,06 - HEALTH,4.1
March,07 - TRANSPORT,3.1
March,08 - INFORMATION AND COMMUNICATION,1.4
March,"09 - RECREATION, SPORT AND CULTURE",5.7
March,10 - EDUCATION SERVICES,1.1
March,11 - RESTAURANTS AND ACCOMMODATION SERVICES,5.9
March,12 - FINANCIAL SERVICES,0.0
March,"13 - PERSONAL CARE, AND MISCELLANEOUS GOODS AND SERVICES",5.3
April,0 - ALL ITEMS,5.8
April,01 - FOOD AND NON-ALCOHOLIC BEVERAGES,7.7
April,02 - ALCOHOLIC BEVERAGES AND TOBACCO,11.4
April,03 - CLOTHING AND FOOTWEAR,5.5
April,"04 - HOUSING, WATER, ELECTRICITY, GAS, AND OTHER FUELS",3.4
April,"05 - FURNISHINGS, HOUSEHOLD EQUIPMENT AND ROUTINE HOUSEHOLD MAINTENANCE",5.8
April,06 - HEALTH,4.1
April,07 - TRANSPORT,0.7
April,08 - INFORMATION AND COMMUNICATION,1.3
April,"09 - RECREATION, SPORT AND CULTURE",5.8
April,10 - EDUCATION SERVICES,1.1
April,11 - RESTAURANTS AND ACCOMMODATION SERVICES,7.6
April,12 - FINANCIAL SERVICES,0.0
April,"13 - PERSONAL CARE, AND MISCELLANEOUS GOODS AND SERVICES",5.5
May,0 - ALL ITEMS,5.4
May,01 - FOOD AND NON-ALCOHOLIC BEVERAGES,7.5
May,02 - ALCOHOLIC BEVERAGES AND TOBACCO,11.2
May,03 - CLOTHING AND FOOTWEAR,5.6
May,"04 - HOUSING, WATER, ELECTRICITY, GAS, AND OTHER FUELS",3.2
May,"05 - FURNISHINGS, HOUSEHOLD EQUIPMENT AND ROUTINE HOUSEHOLD MAINTENANCE",6.0
May,06 - HEALTH,5.5
May,07 - TRANSPORT,-2.0
May,08 - INFORMATION AND COMMUNICATION,1.1
May,"09 - RECREATION, SPORT AND CULTURE",5.9
May,10 - EDUCATION SERVICES,1.1
May,11 - RESTAURANTS AND ACCOMMODATION SERVICES,7.8
May,12 - FINANCIAL SERVICES,0.0
May,"13 - PERSONAL CARE, AND MISCELLANEOUS GOODS AND SERVICES",6.1
June,0 - ALL ITEMS,4.9
June,01 - FOOD AND NON-ALCOHOLIC BEVERAGES,6.8
June,02 - ALCOHOLIC BEVERAGES AND TOBACCO,11.6
June,03 - CLOTHING AND FOOTWEAR,5.6
June,"04 - HOUSING, WATER, ELECTRICITY, GAS, AND OTHER FUELS",4.4
June,"05 - FURNISHINGS, HOUSEHOLD EQUIPMENT AND ROUTINE HOUSEHOLD MAINTENANCE",5.5
June,06 - HEALTH,6.6
June,07 - TRANSPORT,-5.7
June,08 - INFORMATION AND COMMUNICATION,0.7
June,"09 - RECREATION, SPORT AND CULTURE",6.1
June,10 - EDUCATION SERVICES,1.1
June,11 - RESTAURANTS AND ACCOMMODATION SERVICES,7.0
June,12 - FINANCIAL SERVICES,0.0
June,"13 - PERSONAL CARE, AND MISCELLANEOUS GOODS AND SERVICES",5.5
July,0 - ALL ITEMS,3.6
July,01 - FOOD AND NON-ALCOHOLIC BEVERAGES,5.5
July,02 - ALCOHOLIC BEVERAGES AND TOBACCO,10.9
July,03 - CLOTHING AND FOOTWEAR,5.3
July,"04 - HOUSING, WATER, ELECTRICITY, GAS, AND OTHER FUELS",2.8
July,"05 - FURNISHINGS, HOUSEHOLD EQUIPMENT AND ROUTINE HOUSEHOLD MAINTENANCE",5.2
July,06 - HEALTH,6.1
July,07 - TRANSPORT,-7.3
July,08 - INFORMATION AND COMMUNICATION,0.7
July,"09 - RECREATION, SPORT AND CULTURE",6.4
July,10 - EDUCATION SERVICES,1.1
July,11 - RESTAURANTS AND ACCOMMODATION SERVICES,5.3
July,12 - FINANCIAL SERVICES,0.0
July,"13 - PERSONAL CARE, AND MISCELLANEOUS GOODS AND SERVICES",5.6
August,0 - ALL ITEMS,4.6
August,01 - FOOD AND NON-ALCOHOLIC BEVERAGES,7.0
August,02 - ALCOHOLIC BEVERAGES AND TOBACCO,9.9
August,03 - CLOTHING AND FOOTWEAR,4.8
August,"04 - HOUSING, WATER, ELECTRICITY, GAS, AND OTHER FUELS",1.1
August,"05 - FURNISHINGS, HOUSEHOLD EQUIPMENT AND ROUTINE HOUSEHOLD MAINTENANCE",4.7
August,06 - HEALTH,5.5
August,07 - TRANSPORT,-1.2
August,08 - INFORMATION AND COMMUNICATION,0.5
August,"09 - RECREATION, SPORT AND CULTURE",7.0
August,10 - EDUCATION SERVICES,1.7
August,11 - RESTAURANTS AND ACCOMMODATION SERVICES,5.0
August,12 - FINANCIAL SERVICES,0.0
August,"13 - PERSONAL CARE, AND MISCELLANEOUS GOODS AND SERVICES",5.2
September,0 - ALL ITEMS,5.4
September,01 - FOOD AND NON-ALCOHOLIC BEVERAGES,8.3
September,02 - ALCOHOLIC BEVERAGES AND TOBACCO,10.0
September,03 - CLOTHING AND FOOTWEAR,4.4
September,"04 - HOUSING, WATER, ELECTRICITY, GAS, AND OTHER FUELS",0.7
September,"05 - FURNISHINGS, HOUSEHOLD EQUIPMENT AND ROUTINE HOUSEHOLD MAINTENANCE",4.5
September,06 - HEALTH,5.5
September,07 - TRANSPORT,0.7
September,08 - INFORMATION AND COMMUNICATION,0.5
September,"09 - RECREATION, SPORT AND CULTURE",6.7
September,10 - EDUCATION SERVICES,2.9
September,11 - RESTAURANTS AND ACCOMMODATION SERVICES,6.7
September,12 - FINANCIAL SERVICES,0.0
September,"13 - PERSONAL CARE, AND MISCELLANEOUS GOODS AND SERVICES",5.1
October,0 - ALL ITEMS,5.3
October,01 - FOOD AND NON-ALCOHOLIC BEVERAGES,7.3
October,02 - ALCOHOLIC BEVERAGES AND TOBACCO,10.2
October,03 - CLOTHING AND FOOTWEAR,4.0
October,"04 - HOUSING, WATER, ELECTRICITY, GAS, AND OTHER FUELS",3.2
October,"05 - FURNISHINGS, HOUSEHOLD EQUIPMENT AND ROUTINE HOUSEHOLD MAINTENANCE",4.5
October,06 - HEALTH,5.7
October,07 - TRANSPORT,0.2
October,08 - INFORMATION AND COMMUNICATION,0.4
October,"09 - RECREATION, SPORT AND CULTURE",6.5
October,10 - EDUCATION SERVICES,2.9
October,11 - RESTAURANTS AND ACCOMMODATION SERVICES,5.9
October,12 - FINANCIAL SERVICES,0.0
October,"13 - PERSONAL CARE, AND MISCELLANEOUS GOODS AND SERVICES",5.1
November,0 - ALL ITEMS,5.0
November,01 - FOOD AND NON-ALCOHOLIC BEVERAGES,7.4
November,02 - ALCOHOLIC BEVERAGES AND TOBACCO,10.1
November,03 - CLOTHING AND FOOTWEAR,4.0
November,"04 - HOUSING, WATER, ELECTRICITY, GAS, AND OTHER FUELS",2.4
November,"05 - FURNISHINGS, HOUSEHOLD EQUIPMENT AND ROUTINE HOUSEHOLD MAINTENANCE",4.4
November,06 - HEALTH,5.7
November,07 - TRANSPORT,-1.7
November,08 - INFORMATION AND COMMUNICATION,0.5
November,"09 - RECREATION, SPORT AND CULTURE",6.6
November,10 - EDUCATION SERVICES,2.9
November,11 - RESTAURANTS AND ACCOMMODATION SERVICES,6.2
November,12 - FINANCIAL SERVICES,0.0
November,"13 - PERSONAL CARE, AND MISCELLANEOUS GOODS AND SERVICES",4.9
December,0 - ALL ITEMS,5.1
December,01 - FOOD AND NON-ALCOHOLIC BEVERAGES,7.5
December,02 - ALCOHOLIC BEVERAGES AND TOBACCO,10.0
December,03 - CLOTHING AND FOOTWEAR,3.9
December,"04 - HOUSING, WATER, ELECTRICITY, GAS, AND OTHER FUELS",1.8
December,"05 - FURNISHINGS, HOUSEHOLD EQUIPMENT AND ROUTINE HOUSEHOLD MAINTENANCE",4.1
December,06 - HEALTH,5.6
December,07 - TRANSPORT,-1.2
December,08 - INFORMATION AND COMMUNICATION,0.5
December,"09 - RECREATION, SPORT AND CULTURE",6.3
December,10 - EDUCATION SERVICES,2.9
December,11 - RESTAURANTS AND ACCOMMODATION SERVICES,6.6
December,12 - FINANCIAL SERVICES,0.0
December,"13 - PERSONAL CARE, AND MISCELLANEOUS GOODS AND SERVICES",4.6