Month,Commodity Group,Inflation
January,0 - ALL ITEMS,8.5
January,01 - FOOD AND NON-ALCOHOLIC BEVERAGES,11.6
January,02 - ALCOHOLIC BEVERAGES AND TOBACCO,11.7
January,03 - CLOTHING AND FOOTWEAR,4.0
January,"04 - HOUSING, WATER, ELECTRICITY, GAS, AND OTHER FUELS",8.7
January,"05 - FURNISHINGS, HOUSEHOLD EQUIPMENT AND ROUTINE HOUSEHOLD MAINTENANCE",4.4
January,06 - HEALTH,2.9
January,07 - TRANSPORT,10.7
January,08 - INFORMATION AND COMMUNICATION,0.2
January,"09 - RECREATION, SPORT AND CULTURE",3.6
January,10 - EDUCATION SERVICES,1.3
January,11 - RESTAURANTS AND ACCOMMODATION SERVICES,5.6
January,12 - FINANCIAL SERVICES,0.0
January,"13 - PERSONAL CARE, AND MISCELLANEOUS GOODS AND SERVICES",4.9
February,0 - ALL ITEMS,8.2
February,01 - FOOD AND NON-ALCOHOLIC BEVERAGES,11.2
February,02 - ALCOHOLIC BEVERAGES AND TOBACCO,11.8
February,03 - CLOTHING AND FOOTWEAR,4.5
February,"04 - HOUSING, WATER, ELECTRICITY, GAS, AND OTHER FUELS",8.9
February,"05 - FURNISHINGS, HOUSEHOLD EQUIPMENT AND ROUTINE HOUSEHOLD MAINTENANCE",4.7
February,06 - HEALTH,3.7
February,07 - TRANSPORT,8.7
February,08 - INFORMATION AND COMMUNICATION,0.1
February,"09 - RECREATION, SPORT AND CULTURE",4.1
February,10 - EDUCATION SERVICES,1.3
February,11 - RESTAURANTS AND ACCOMMODATION SERVICES,5.4
February,12 - FINANCIAL SERVICES,0.0
February,"13 - PERSONAL CARE, AND MISCELLANEOUS GOODS AND SERVICES",4.9
March,0 - ALL ITEMS,7.2
March,01 - FOOD AND NON-ALCOHOLIC BEVERAGES,8.8
March,02 - ALCOHOLIC BEVERAGES AND TOBACCO,12.7
March,03 - CLOTHING AND FOOTWEAR,4.3
March,"04 - HOUSING, WATER, ELECTRICITY, GAS, AND OTHER FUELS",8.7
March,"05 - FURNISHINGS, HOUSEHOLD EQUIPMENT AND ROUTINE HOUSEHOLD MAINTENANCE",4.9
March,06 - HEALTH,4.0
March,07 - TRANSPORT,5.7
March,08 - INFORMATION AND COMMUNICATION,0.1
March,"09 - RECREATION, SPORT AND CULTURE",4.0
March,10 - EDUCATION SERVICES,1.3
March,11 - RESTAURANTS AND ACCOMMODATION SERVICES,6.0
March,12 - FINANCIAL SERVICES,0.0
March,"13 - PERSONAL CARE, AND MISCELLANEOUS GOODS AND SERVICES",5.2
April,0 - ALL ITEMS,6.3
April,01 - FOOD AND NON-ALCOHOLIC BEVERAGES,8.0
April,02 - ALCOHOLIC BEVERAGES AND TOBACCO,13.5
April,03 - CLOTHING AND FOOTWEAR,4.4
April,"04 - HOUSING, WATER, ELECTRICITY, GAS, AND OTHER FUELS",6.8
April,"05 - FURNISHINGS, HOUSEHOLD EQUIPMENT AND ROUTINE HOUSEHOLD MAINTENANCE",5.0
April,06 - HEALTH,4.1
April,07 - TRANSPORT,3.7
April,08 - INFORMATION AND COMMUNICATION,0.1
April,"09 - RECREATION, SPORT AND CULTURE",4.1
April,10 - EDUCATION SERVICES,1.3
April,11 - RESTAURANTS AND ACCOMMODATION SERVICES,6.7
April,12 - FINANCIAL SERVICES,0.0
April,"13 - PERSONAL CARE, AND MISCELLANEOUS GOODS AND SERVICES",5.3
May,0 - ALL ITEMS,6.2
May,01 - FOOD AND NON-ALCOHOLIC BEVERAGES,7.6
May,02 - ALCOHOLIC BEVERAGES AND TOBACCO,12.8
May,03 - CLOTHING AND FOOTWEAR,4.6
May,"04 - HOUSING, WATER, ELECTRICITY, GAS, AND OTHER FUELS",7.5
May,"05 - FURNISHINGS, HOUSEHOLD EQUIPMENT AND ROUTINE HOUSEHOLD MAINTENANCE",4.9
May,06 - HEALTH,4.1
May,07 - TRANSPORT,1.4
May,08 - INFORMATION AND COMMUNICATION,0.0
May,"09 - RECREATION, SPORT AND CULTURE",4.0
May,10 - EDUCATION SERVICES,1.3
May,11 - RESTAURANTS AND ACCOMMODATION SERVICES,7.4
May,12 - FINANCIAL SERVICES,0.0
May,"13 - PERSONAL CARE, AND MISCELLANEOUS GOODS AND SERVICES",5.3
June,0 - ALL ITEMS,5.5
June,01 - FOOD AND NON-ALCOHOLIC BEVERAGES,6.5
June,02 - ALCOHOLIC BEVERAGES AND TOBACCO,12.5
June,03 - CLOTHING AND FOOTWEAR,4.8
June,"04 - HOUSING, WATER, ELECTRICITY, GAS, AND OTHER FUELS",7.2
June,"05 - FURNISHINGS, HOUSEHOLD EQUIPMENT AND ROUTINE HOUSEHOLD MAINTENANCE",4.8
June,06 - HEALTH,3.8
June,07 - TRANSPORT,-0.7
June,08 - INFORMATION AND COMMUNICATION,-0.1
June,"09 - RECREATION, SPORT AND CULTURE",4.2
June,10 - EDUCATION SERVICES,1.3
June,11 - RESTAURANTS AND ACCOMMODATION SERVICES,7.6
June,12 - FINANCIAL SERVICES,0.0
June,"13 - PERSONAL CARE, AND MISCELLANEOUS GOODS AND SERVICES",5.2
July,0 - ALL ITEMS,4.7
July,01 - FOOD AND NON-ALCOHOLIC BEVERAGES,6.3
July,02 - ALCOHOLIC BEVERAGES AND TOBACCO,11.8
July,03 - CLOTHING AND FOOTWEAR,4.5
July,"04 - HOUSING, WATER, ELECTRICITY, GAS, AND OTHER FUELS",5.4
July,"05 - FURNISHINGS, HOUSEHOLD EQUIPMENT AND ROUTINE HOUSEHOLD MAINTENANCE",4.3
July,06 - HEALTH,3.5
July,07 - TRANSPORT,-3.3
July,08 - INFORMATION AND COMMUNICATION,0.2
July,"09 - RECREATION, SPORT AND CULTURE",4.2
July,10 - EDUCATION SERVICES,1.3
July,11 - RESTAURANTS AND ACCOMMODATION SERVICES,7.2
July,12 - FINANCIAL SERVICES,0.0
July,"13 - PERSONAL CARE, AND MISCELLANEOUS GOODS AND SERVICES",5.2
August,0 - ALL ITEMS,5.5
August,01 - FOOD AND NON-ALCOHOLIC BEVERAGES,8.0
August,02 - ALCOHOLIC BEVERAGES AND TOBACCO,11.5
August,03 - CLOTHING AND FOOTWEAR,4.5
August,"04 - HOUSING, WATER, ELECTRICITY, GAS, AND OTHER FUELS",5.0
August,"05 - FURNISHINGS, HOUSEHOLD EQUIPMENT AND ROUTINE HOUSEHOLD MAINTENANCE",4.1
August,06 - HEALTH,3.2
August,07 - TRANSPORT,0.5
August,08 - INFORMATION AND COMMUNICATION,0.3
August,"09 - RECREATION, SPORT AND CULTURE",4.6
August,10 - EDUCATION SERVICES,0.7
August,11 - RESTAURANTS AND ACCOMMODATION SERVICES,7.2
August,12 - FINANCIAL SERVICES,0.0
August,"13 - PERSONAL CARE, AND MISCELLANEOUS GOODS AND SERVICES",5.1
September,0 - ALL ITEMS,6.0
September,01 - FOOD AND NON-ALCOHOLIC BEVERAGES,8.9
September,02 - ALCOHOLIC BEVERAGES AND TOBACCO,10.7
September,03 - CLOTHING AND FOOTWEAR,4.4
September,"04 - HOUSING, WATER, ELECTRICITY, GAS, AND OTHER FUELS",5.2
September,"05 - FURNISHINGS, HOUSEHOLD EQUIPMENT AND ROUTINE HOUSEHOLD MAINTENANCE",4.0
September,06 - HEALTH,4.3
September,07 - TRANSPORT,1.2
September,08 - INFORMATION AND COMMUNICATION,0.4
September,"09 - RECREATION, SPORT AND CULTURE",4.6
September,10 - EDUCATION SERVICES,2.0
September,11 - RESTAURANTS AND ACCOMMODATION SERVICES,6.8
September,12 - FINANCIAL SERVICES,0.0
September,"13 - PERSONAL CARE, AND MISCELLANEOUS GOODS AND SERVICES",5.1
October,0 - ALL ITEMS,4.7
October,01 - FOOD AND NON-ALCOHOLIC BEVERAGES,5.4
October,02 - ALCOHOLIC BEVERAGES AND TOBACCO,9.4
October,03 - CLOTHING AND FOOTWEAR,4.8
October,"04 - HOUSING, WATER, ELECTRICITY, GAS, AND OTHER FUELS",5.9
October,"05 - FURNISHINGS, HOUSEHOLD EQUIPMENT AND ROUTINE HOUSEHOLD MAINTENANCE",3.9
October,06 - HEALTH,3.8
October,07 - TRANSPORT,0.5
October,08 - INFORMATION AND COMMUNICATION,0.2
October,"09 - RECREATION, SPORT AND CULTURE",4.5
October,10 - EDUCATION SERVICES,2.0
October,11 - RESTAURANTS AND ACCOMMODATION SERVICES,6.7
October,12 - FINANCIAL SERVICES,0.0
October,"13 - PERSONAL CARE, AND MISCELLANEOUS GOODS AND SERVICES",4.7
November,0 - ALL ITEMS,3.8
November,01 - FOOD AND NON-ALCOHOLIC BEVERAGES,3.4
November,02 - ALCOHOLIC BEVERAGES AND TOBACCO,8.5
November,03 - CLOTHING AND FOOTWEAR,4.8
November,"04 - HOUSING, WATER, ELECTRICITY, GAS, AND OTHER FUELS",5.8
November,"05 - FURNISHINGS, HOUSEHOLD EQUIPMENT AND ROUTINE HOUSEHOLD MAINTENANCE",3.7
November,06 - HEALTH,3.2
November,07 - TRANSPORT,-1.1
November,08 - INFORMATION AND COMMUNICATION,0.1
November,"09 - RECREATION, SPORT AND CULTURE",4.3
November,10 - EDUCATION SERVICES,2.0
November,11 - RESTAURANTS AND ACCOMMODATION SERVICES,5.6
November,12 - FINANCIAL SERVICES,0.0
November,"13 - PERSONAL CARE, AND MISCELLANEOUS GOODS AND SERVICES",4.1
December,0 - ALL ITEMS,3.4
December,01 - FOOD AND NON-ALCOHOLIC BEVERAGES,3.0
December,02 - ALCOHOLIC BEVERAGES AND TOBACCO,8.4
December,03 - CLOTHING AND FOOTWEAR,4.7
December,"04 - HOUSING, WATER, ELECTRICITY, GAS, AND OTHER FUELS",3.9
December,"05 - FURNISHINGS, HOUSEHOLD EQUIPMENT AND ROUTINE HOUSEHOLD MAINTENANCE",3.3
December,06 - HEALTH,3.2
December,07 - TRANSPORT,0.8
December,08 - INFORMATION AND COMMUNICATION,0.1
December,"09 - RECREATION, SPORT AND CULTURE",4.1
December,10 - EDUCATION SERVICES,2.0
December,11 - RESTAURANTS AND ACCOMMODATION SERVICES,6.0
December,12 - FINANCIAL SERVICES,0.0
December,"13 - PERSONAL CARE, AND MISCELLANEOUS GOODS AND SERVICES",4.1