Month,Commodity Group,Inflation
January,0 - ALL ITEMS,10.3
January,01 - FOOD AND NON-ALCOHOLIC BEVERAGES,10.6
January,02 - ALCOHOLIC BEVERAGES AND TOBACCO,12.0
January,03 - CLOTHING AND FOOTWEAR,3.4
January,"04 - HOUSING, WATER, ELECTRICITY, GAS, AND OTHER FUELS",15.1
January,"05 - FURNISHINGS, HOUSEHOLD EQUIPMENT AND ROUTINE HOUSEHOLD MAINTENANCE",7.4
January,06 - HEALTH,2.0
January,07 - TRANSPORT,14.7
January,08 - INFORMATION AND COMMUNICATION,2.6
January,"09 - RECREATION, SPORT AND CULTURE",4.7
January,10 - EDUCATION SERVICES,0.4
January,11 - RESTAURANTS AND ACCOMMODATION SERVICES,8.8
January,12 - FINANCIAL SERVICES,0.0
January,"13 - PERSONAL CARE, AND MISCELLANEOUS GOODS AND SERVICES",6.8
February,0 - ALL ITEMS,10.8
February,01 - FOOD AND NON-ALCOHOLIC BEVERAGES,11.7
February,02 - ALCOHOLIC BEVERAGES AND TOBACCO,12.6
February,03 - CLOTHING AND FOOTWEAR,3.8
February,"04 - HOUSING, WATER, ELECTRICITY, GAS, AND OTHER FUELS",14.2
February,"05 - FURNISHINGS, HOUSEHOLD EQUIPMENT AND ROUTINE HOUSEHOLD MAINTENANCE",8.6
February,06 - HEALTH,2.3
February,07 - TRANSPORT,12.3
February,08 - INFORMATION AND COMMUNICATION,2.4
February,"09 - RECREATION, SPORT AND CULTURE",4.8
February,10 - EDUCATION SERVICES,0.4
February,11 - RESTAURANTS AND ACCOMMODATION SERVICES,11.6
February,12 - FINANCIAL SERVICES,0.0
February,"13 - PERSONAL CARE, AND MISCELLANEOUS GOODS AND SERVICES",7.2
March,0 - ALL ITEMS,9.1
March,01 - FOOD AND NON-ALCOHOLIC BEVERAGES,10.3
March,02 - ALCOHOLIC BEVERAGES AND TOBACCO,12.7
March,03 - CLOTHING AND FOOTWEAR,4.1
March,"04 - HOUSING, WATER, ELECTRICITY, GAS, AND OTHER FUELS",9.5
March,"05 - FURNISHINGS, HOUSEHOLD EQUIPMENT AND ROUTINE HOUSEHOLD MAINTENANCE",9.1
March,06 - HEALTH,2.5
March,07 - TRANSPORT,7.9
March,08 - INFORMATION AND COMMUNICATION,2.5
March,"09 - RECREATION, SPORT AND CULTURE",5.1
March,10 - EDUCATION SERVICES,0.4
March,11 - RESTAURANTS AND ACCOMMODATION SERVICES,12.8
March,12 - FINANCIAL SERVICES,0.0
March,"13 - PERSONAL CARE, AND MISCELLANEOUS GOODS AND SERVICES",7.3
April,0 - ALL ITEMS,8.2
April,01 - FOOD AND NON-ALCOHOLIC BEVERAGES,9.0
April,02 - ALCOHOLIC BEVERAGES AND TOBACCO,12.9
April,03 - CLOTHING AND FOOTWEAR,4.3
April,"04 - HOUSING, WATER, ELECTRICITY, GAS, AND OTHER FUELS",8.6
April,"05 - FURNISHINGS, HOUSEHOLD EQUIPMENT AND ROUTINE HOUSEHOLD MAINTENANCE",9.3
April,06 - HEALTH,2.6
April,07 - TRANSPORT,5.7
April,08 - INFORMATION AND COMMUNICATION,2.4
April,"09 - RECREATION, SPORT AND CULTURE",5.1
April,10 - EDUCATION SERVICES,0.4
April,11 - RESTAURANTS AND ACCOMMODATION SERVICES,12.7
April,12 - FINANCIAL SERVICES,0.0
April,"13 - PERSONAL CARE, AND MISCELLANEOUS GOODS AND SERVICES",7.2
May,0 - ALL ITEMS,7.1
May,01 - FOOD AND NON-ALCOHOLIC BEVERAGES,8.7
May,02 - ALCOHOLIC BEVERAGES AND TOBACCO,13.0
May,03 - CLOTHING AND FOOTWEAR,4.2
May,"04 - HOUSING, WATER, ELECTRICITY, GAS, AND OTHER FUELS",6.8
May,"05 - FURNISHINGS, HOUSEHOLD EQUIPMENT AND ROUTINE HOUSEHOLD MAINTENANCE",9.8
May,06 - HEALTH,2.9
May,07 - TRANSPORT,0.5
May,08 - INFORMATION AND COMMUNICATION,2.3
May,"09 - RECREATION, SPORT AND CULTURE",5.4
May,10 - EDUCATION SERVICES,0.4
May,11 - RESTAURANTS AND ACCOMMODATION SERVICES,12.4
May,12 - FINANCIAL SERVICES,0.0
May,"13 - PERSONAL CARE, AND MISCELLANEOUS GOODS AND SERVICES",7.2
June,0 - ALL ITEMS,6.8
June,01 - FOOD AND NON-ALCOHOLIC BEVERAGES,8.5
June,02 - ALCOHOLIC BEVERAGES AND TOBACCO,11.1
June,03 - CLOTHING AND FOOTWEAR,4.2
June,"04 - HOUSING, WATER, ELECTRICITY, GAS, AND OTHER FUELS",7.9
June,"05 - FURNISHINGS, HOUSEHOLD EQUIPMENT AND ROUTINE HOUSEHOLD MAINTENANCE",9.7
June,06 - HEALTH,2.5
June,07 - TRANSPORT,-2.1
June,08 - INFORMATION AND COMMUNICATION,2.4
June,"09 - RECREATION, SPORT AND CULTURE",5.2
June,10 - EDUCATION SERVICES,0.4
June,11 - RESTAURANTS AND ACCOMMODATION SERVICES,11.7
June,12 - FINANCIAL SERVICES,0.0
June,"13 - PERSONAL CARE, AND MISCELLANEOUS GOODS AND SERVICES",6.8
July,0 - ALL ITEMS,5.8
July,01 - FOOD AND NON-ALCOHOLIC BEVERAGES,7.5
July,02 - ALCOHOLIC BEVERAGES AND TOBACCO,11.3
July,03 - CLOTHING AND FOOTWEAR,4.1
July,"04 - HOUSING, WATER, ELECTRICITY, GAS, AND OTHER FUELS",5.3
July,"05 - FURNISHINGS, HOUSEHOLD EQUIPMENT AND ROUTINE HOUSEHOLD MAINTENANCE",8.6
July,06 - HEALTH,2.8
July,07 - TRANSPORT,-3.8
July,08 - INFORMATION AND COMMUNICATION,2.5
July,"09 - RECREATION, SPORT AND CULTURE",5.4
July,10 - EDUCATION SERVICES,0.4
July,11 - RESTAURANTS AND ACCOMMODATION SERVICES,11.8
July,12 - FINANCIAL SERVICES,0.0
July,"13 - PERSONAL CARE, AND MISCELLANEOUS GOODS AND SERVICES",6.8
August,0 - ALL ITEMS,6.1
August,01 - FOOD AND NON-ALCOHOLIC BEVERAGES,8.7
August,02 - ALCOHOLIC BEVERAGES AND TOBACCO,10.6
August,03 - CLOTHING AND FOOTWEAR,4.0
August,"04 - HOUSING, WATER, ELECTRICITY, GAS, AND OTHER FUELS",1.7
August,"05 - FURNISHINGS, HOUSEHOLD EQUIPMENT AND ROUTINE HOUSEHOLD MAINTENANCE",8.2
August,06 - HEALTH,2.7
August,07 - TRANSPORT,1.1
August,08 - INFORMATION AND COMMUNICATION,2.0
August,"09 - RECREATION, SPORT AND CULTURE",5.2
August,10 - EDUCATION SERVICES,5.7
August,11 - RESTAURANTS AND ACCOMMODATION SERVICES,10.6
August,12 - FINANCIAL SERVICES,0.0
August,"13 - PERSONAL CARE, AND MISCELLANEOUS GOODS AND SERVICES",6.2
September,0 - ALL ITEMS,6.6
September,01 - FOOD AND NON-ALCOHOLIC BEVERAGES,10.5
September,02 - ALCOHOLIC BEVERAGES AND TOBACCO,10.8
September,03 - CLOTHING AND FOOTWEAR,3.9
September,"04 - HOUSING, WATER, ELECTRICITY, GAS, AND OTHER FUELS",0.2
September,"05 - FURNISHINGS, HOUSEHOLD EQUIPMENT AND ROUTINE HOUSEHOLD MAINTENANCE",7.0
September,06 - HEALTH,3.0
September,07 - TRANSPORT,2.7
September,08 - INFORMATION AND COMMUNICATION,2.0
September,"09 - RECREATION, SPORT AND CULTURE",5.7
September,10 - EDUCATION SERVICES,7.8
September,11 - RESTAURANTS AND ACCOMMODATION SERVICES,10.4
September,12 - FINANCIAL SERVICES,0.0
September,"13 - PERSONAL CARE, AND MISCELLANEOUS GOODS AND SERVICES",5.7
October,0 - ALL ITEMS,5.4
October,01 - FOOD AND NON-ALCOHOLIC BEVERAGES,8.9
October,02 - ALCOHOLIC BEVERAGES AND TOBACCO,11.0
October,03 - CLOTHING AND FOOTWEAR,4.1
October,"04 - HOUSING, WATER, ELECTRICITY, GAS, AND OTHER FUELS",-2.1
October,"05 - FURNISHINGS, HOUSEHOLD EQUIPMENT AND ROUTINE HOUSEHOLD MAINTENANCE",6.7
October,06 - HEALTH,2.6
October,07 - TRANSPORT,1.4
October,08 - INFORMATION AND COMMUNICATION,2.1
October,"09 - RECREATION, SPORT AND CULTURE",6.7
October,10 - EDUCATION SERVICES,7.8
October,11 - RESTAURANTS AND ACCOMMODATION SERVICES,9.6
October,12 - FINANCIAL SERVICES,0.0
October,"13 - PERSONAL CARE, AND MISCELLANEOUS GOODS AND SERVICES",5.7
November,0 - ALL ITEMS,4.0
November,01 - FOOD AND NON-ALCOHOLIC BEVERAGES,8.0
November,02 - ALCOHOLIC BEVERAGES AND TOBACCO,9.9
November,03 - CLOTHING AND FOOTWEAR,3.0
November,"04 - HOUSING, WATER, ELECTRICITY, GAS, AND OTHER FUELS",-3.1
November,"05 - FURNISHINGS, HOUSEHOLD EQUIPMENT AND ROUTINE HOUSEHOLD MAINTENANCE",4.8
November,06 - HEALTH,2.9
November,07 - TRANSPORT,-1.9
November,08 - INFORMATION AND COMMUNICATION,0.7
November,"09 - RECREATION, SPORT AND CULTURE",5.7
November,10 - EDUCATION SERVICES,7.8
November,11 - RESTAURANTS AND ACCOMMODATION SERVICES,6.8
November,12 - FINANCIAL SERVICES,0.0
November,"13 - PERSONAL CARE, AND MISCELLANEOUS GOODS AND SERVICES",4.1
December,0 - ALL ITEMS,3.2
December,01 - FOOD AND NON-ALCOHOLIC BEVERAGES,7.0
December,02 - ALCOHOLIC BEVERAGES AND TOBACCO,9.3
December,03 - CLOTHING AND FOOTWEAR,2.8
December,"04 - HOUSING, WATER, ELECTRICITY, GAS, AND OTHER FUELS",-5.8
December,"05 - FURNISHINGS, HOUSEHOLD EQUIPMENT AND ROUTINE HOUSEHOLD MAINTENANCE",4.8
December,06 - HEALTH,3.4
December,07 - TRANSPORT,-1.0
December,08 - INFORMATION AND COMMUNICATION,0.6
December,"09 - RECREATION, SPORT AND CULTURE",5.0
December,10 - EDUCATION SERVICES,7.8
December,11 - RESTAURANTS AND ACCOMMODATION SERVICES,7.0
December,12 - FINANCIAL SERVICES,0.0
December,"13 - PERSONAL CARE, AND MISCELLANEOUS GOODS AND SERVICES",3.5