Month,Commodity Group,Inflation
January,0 - ALL ITEMS,6.9
January,01 - FOOD AND NON-ALCOHOLIC BEVERAGES,7.2
January,02 - ALCOHOLIC BEVERAGES AND TOBACCO,8.3
January,03 - CLOTHING AND FOOTWEAR,2.3
January,"04 - HOUSING, WATER, ELECTRICITY, GAS, AND OTHER FUELS",8.4
January,"05 - FURNISHINGS, HOUSEHOLD EQUIPMENT AND ROUTINE HOUSEHOLD MAINTENANCE",3.6
January,06 - HEALTH,2.3
January,07 - TRANSPORT,8.8
January,08 - INFORMATION AND COMMUNICATION,1.1
January,"09 - RECREATION, SPORT AND CULTURE",1.7
January,10 - EDUCATION SERVICES,1.1
January,11 - RESTAURANTS AND ACCOMMODATION SERVICES,7.5
January,12 - FINANCIAL SERVICES,0.0
January,"13 - PERSONAL CARE, AND MISCELLANEOUS GOODS AND SERVICES",3.8
February,0 - ALL ITEMS,6.3
February,01 - FOOD AND NON-ALCOHOLIC BEVERAGES,7.8
February,02 - ALCOHOLIC BEVERAGES AND TOBACCO,7.5
February,03 - CLOTHING AND FOOTWEAR,2.4
February,"04 - HOUSING, WATER, ELECTRICITY, GAS, AND OTHER FUELS",6.0
February,"05 - FURNISHINGS, HOUSEHOLD EQUIPMENT AND ROUTINE HOUSEHOLD MAINTENANCE",3.9
February,06 - HEALTH,2.4
February,07 - TRANSPORT,5.0
February,08 - INFORMATION AND COMMUNICATION,1.2
February,"09 - RECREATION, SPORT AND CULTURE",2.1
February,10 - EDUCATION SERVICES,1.1
February,11 - RESTAURANTS AND ACCOMMODATION SERVICES,7.0
February,12 - FINANCIAL SERVICES,0.0
February,"13 - PERSONAL CARE, AND MISCELLANEOUS GOODS AND SERVICES",4.2
March,0 - ALL ITEMS,5.9
March,01 - FOOD AND NON-ALCOHOLIC BEVERAGES,8.5
March,02 - ALCOHOLIC BEVERAGES AND TOBACCO,8.8
March,03 - CLOTHING AND FOOTWEAR,2.3
March,"04 - HOUSING, WATER, ELECTRICITY, GAS, AND OTHER FUELS",4.1
March,"05 - FURNISHINGS, HOUSEHOLD EQUIPMENT AND ROUTINE HOUSEHOLD MAINTENANCE",4.3
March,06 - HEALTH,2.7
March,07 - TRANSPORT,0.7
March,08 - INFORMATION AND COMMUNICATION,1.2
March,"09 - RECREATION, SPORT AND CULTURE",2.3
March,10 - EDUCATION SERVICES,1.1
March,11 - RESTAURANTS AND ACCOMMODATION SERVICES,6.5
March,12 - FINANCIAL SERVICES,0.0
March,"13 - PERSONAL CARE, AND MISCELLANEOUS GOODS AND SERVICES",4.3
April,0 - ALL ITEMS,4.7
April,01 - FOOD AND NON-ALCOHOLIC BEVERAGES,7.3
April,02 - ALCOHOLIC BEVERAGES AND TOBACCO,6.2
April,03 - CLOTHING AND FOOTWEAR,2.1
April,"04 - HOUSING, WATER, ELECTRICITY, GAS, AND OTHER FUELS",2.8
April,"05 - FURNISHINGS, HOUSEHOLD EQUIPMENT AND ROUTINE HOUSEHOLD MAINTENANCE",4.5
April,06 - HEALTH,2.7
April,07 - TRANSPORT,-1.8
April,08 - INFORMATION AND COMMUNICATION,1.2
April,"09 - RECREATION, SPORT AND CULTURE",2.3
April,10 - EDUCATION SERVICES,1.1
April,11 - RESTAURANTS AND ACCOMMODATION SERVICES,6.0
April,12 - FINANCIAL SERVICES,0.0
April,"13 - PERSONAL CARE, AND MISCELLANEOUS GOODS AND SERVICES",4.1
May,0 - ALL ITEMS,4.2
May,01 - FOOD AND NON-ALCOHOLIC BEVERAGES,6.9
May,02 - ALCOHOLIC BEVERAGES AND TOBACCO,8.9
May,03 - CLOTHING AND FOOTWEAR,1.8
May,"04 - HOUSING, WATER, ELECTRICITY, GAS, AND OTHER FUELS",2.0
May,"05 - FURNISHINGS, HOUSEHOLD EQUIPMENT AND ROUTINE HOUSEHOLD MAINTENANCE",4.6
May,06 - HEALTH,2.7
May,07 - TRANSPORT,-4.8
May,08 - INFORMATION AND COMMUNICATION,0.9
May,"09 - RECREATION, SPORT AND CULTURE",2.0
May,10 - EDUCATION SERVICES,1.1
May,11 - RESTAURANTS AND ACCOMMODATION SERVICES,6.1
May,12 - FINANCIAL SERVICES,0.0
May,"13 - PERSONAL CARE, AND MISCELLANEOUS GOODS AND SERVICES",4.1
June,0 - ALL ITEMS,3.3
June,01 - FOOD AND NON-ALCOHOLIC BEVERAGES,6.0
June,02 - ALCOHOLIC BEVERAGES AND TOBACCO,8.6
June,03 - CLOTHING AND FOOTWEAR,1.7
June,"04 - HOUSING, WATER, ELECTRICITY, GAS, AND OTHER FUELS",1.0
June,"05 - FURNISHINGS, HOUSEHOLD EQUIPMENT AND ROUTINE HOUSEHOLD MAINTENANCE",4.5
June,06 - HEALTH,2.6
June,07 - TRANSPORT,-6.4
June,08 - INFORMATION AND COMMUNICATION,0.8
June,"09 - RECREATION, SPORT AND CULTURE",1.8
June,10 - EDUCATION SERVICES,1.1
June,11 - RESTAURANTS AND ACCOMMODATION SERVICES,4.3
June,12 - FINANCIAL SERVICES,0.0
June,"13 - PERSONAL CARE, AND MISCELLANEOUS GOODS AND SERVICES",4.1
July,0 - ALL ITEMS,2.4
July,01 - FOOD AND NON-ALCOHOLIC BEVERAGES,5.0
July,02 - ALCOHOLIC BEVERAGES AND TOBACCO,8.4
July,03 - CLOTHING AND FOOTWEAR,1.4
July,"04 - HOUSING, WATER, ELECTRICITY, GAS, AND OTHER FUELS",-1.4
July,"05 - FURNISHINGS, HOUSEHOLD EQUIPMENT AND ROUTINE HOUSEHOLD MAINTENANCE",4.7
July,06 - HEALTH,2.9
July,07 - TRANSPORT,-6.1
July,08 - INFORMATION AND COMMUNICATION,0.7
July,"09 - RECREATION, SPORT AND CULTURE",1.9
July,10 - EDUCATION SERVICES,1.1
July,11 - RESTAURANTS AND ACCOMMODATION SERVICES,3.7
July,12 - FINANCIAL SERVICES,0.0
July,"13 - PERSONAL CARE, AND MISCELLANEOUS GOODS AND SERVICES",3.9
August,0 - ALL ITEMS,3.1
August,01 - FOOD AND NON-ALCOHOLIC BEVERAGES,6.0
August,02 - ALCOHOLIC BEVERAGES AND TOBACCO,8.1
August,03 - CLOTHING AND FOOTWEAR,1.3
August,"04 - HOUSING, WATER, ELECTRICITY, GAS, AND OTHER FUELS",-2.8
August,"05 - FURNISHINGS, HOUSEHOLD EQUIPMENT AND ROUTINE HOUSEHOLD MAINTENANCE",4.4
August,06 - HEALTH,2.9
August,07 - TRANSPORT,-1.1
August,08 - INFORMATION AND COMMUNICATION,0.6
August,"09 - RECREATION, SPORT AND CULTURE",2.1
August,10 - EDUCATION SERVICES,0.8
August,11 - RESTAURANTS AND ACCOMMODATION SERVICES,4.7
August,12 - FINANCIAL SERVICES,0.0
August,"13 - PERSONAL CARE, AND MISCELLANEOUS GOODS AND SERVICES",3.9
September,0 - ALL ITEMS,4.9
September,01 - FOOD AND NON-ALCOHOLIC BEVERAGES,9.3
September,02 - ALCOHOLIC BEVERAGES AND TOBACCO,8.5
September,03 - CLOTHING AND FOOTWEAR,1.3
September,"04 - HOUSING, WATER, ELECTRICITY, GAS, AND OTHER FUELS",-3.4
September,"05 - FURNISHINGS, HOUSEHOLD EQUIPMENT AND ROUTINE HOUSEHOLD MAINTENANCE",5.5
September,06 - HEALTH,2.9
September,07 - TRANSPORT,1.4
September,08 - INFORMATION AND COMMUNICATION,0.6
September,"09 - RECREATION, SPORT AND CULTURE",2.1
September,10 - EDUCATION SERVICES,1.4
September,11 - RESTAURANTS AND ACCOMMODATION SERVICES,5.1
September,12 - FINANCIAL SERVICES,0.0
September,"13 - PERSONAL CARE, AND MISCELLANEOUS GOODS AND SERVICES",3.7
October,0 - ALL ITEMS,4.0
October,01 - FOOD AND NON-ALCOHOLIC BEVERAGES,8.5
October,02 - ALCOHOLIC BEVERAGES AND TOBACCO,8.1
October,03 - CLOTHING AND FOOTWEAR,1.1
October,"04 - HOUSING, WATER, ELECTRICITY, GAS, AND OTHER FUELS",-5.5
October,"05 - FURNISHINGS, HOUSEHOLD EQUIPMENT AND ROUTINE HOUSEHOLD MAINTENANCE",5.7
October,06 - HEALTH,2.8
October,07 - TRANSPORT,0.5
October,08 - INFORMATION AND COMMUNICATION,0.6
October,"09 - RECREATION, SPORT AND CULTURE",2.2
October,10 - EDUCATION SERVICES,1.4
October,11 - RESTAURANTS AND ACCOMMODATION SERVICES,5.0
October,12 - FINANCIAL SERVICES,0.0
October,"13 - PERSONAL CARE, AND MISCELLANEOUS GOODS AND SERVICES",3.6
November,0 - ALL ITEMS,3.5
November,01 - FOOD AND NON-ALCOHOLIC BEVERAGES,7.7
November,02 - ALCOHOLIC BEVERAGES AND TOBACCO,7.9
November,03 - CLOTHING AND FOOTWEAR,1.2
November,"04 - HOUSING, WATER, ELECTRICITY, GAS, AND OTHER FUELS",-4.5
November,"05 - FURNISHINGS, HOUSEHOLD EQUIPMENT AND ROUTINE HOUSEHOLD MAINTENANCE",5.9
November,06 - HEALTH,3.0
November,07 - TRANSPORT,-2.2
November,08 - INFORMATION AND COMMUNICATION,0.4
November,"09 - RECREATION, SPORT AND CULTURE",2.3
November,10 - EDUCATION SERVICES,1.4
November,11 - RESTAURANTS AND ACCOMMODATION SERVICES,5.5
November,12 - FINANCIAL SERVICES,0.0
November,"13 - PERSONAL CARE, AND MISCELLANEOUS GOODS AND SERVICES",3.5
December,0 - ALL ITEMS,4.3
December,01 - FOOD AND NON-ALCOHOLIC BEVERAGES,8.3
December,02 - ALCOHOLIC BEVERAGES AND TOBACCO,7.8
December,03 - CLOTHING AND FOOTWEAR,0.9
December,"04 - HOUSING, WATER, ELECTRICITY, GAS, AND OTHER FUELS",-2.6
December,"05 - FURNISHINGS, HOUSEHOLD EQUIPMENT AND ROUTINE HOUSEHOLD MAINTENANCE",6.3
December,06 - HEALTH,3.2
December,07 - TRANSPORT,-1.3
December,08 - INFORMATION AND COMMUNICATION,0.3
December,"09 - RECREATION, SPORT AND CULTURE",2.3
December,10 - EDUCATION SERVICES,1.4
December,11 - RESTAURANTS AND ACCOMMODATION SERVICES,5.3
December,12 - FINANCIAL SERVICES,0.0
December,"13 - PERSONAL CARE, AND MISCELLANEOUS GOODS AND SERVICES",3.4