Month,Commodity Group,Inflation
January,0 - ALL ITEMS,9.3
January,01 - FOOD AND NON-ALCOHOLIC BEVERAGES,11.7
January,02 - ALCOHOLIC BEVERAGES AND TOBACCO,8.6
January,03 - CLOTHING AND FOOTWEAR,5.1
January,"04 - HOUSING, WATER, ELECTRICITY, GAS, AND OTHER FUELS",12.0
January,"05 - FURNISHINGS, HOUSEHOLD EQUIPMENT AND ROUTINE HOUSEHOLD MAINTENANCE",8.2
January,06 - HEALTH,6.5
January,07 - TRANSPORT,8.6
January,08 - INFORMATION AND COMMUNICATION,0.9
January,"09 - RECREATION, SPORT AND CULTURE",3.8
January,10 - EDUCATION SERVICES,2.9
January,11 - RESTAURANTS AND ACCOMMODATION SERVICES,4.7
January,12 - FINANCIAL SERVICES,0.0
January,"13 - PERSONAL CARE, AND MISCELLANEOUS GOODS AND SERVICES",6.2
February,0 - ALL ITEMS,8.3
February,01 - FOOD AND NON-ALCOHOLIC BEVERAGES,10.5
February,02 - ALCOHOLIC BEVERAGES AND TOBACCO,8.9
February,03 - CLOTHING AND FOOTWEAR,5.8
February,"04 - HOUSING, WATER, ELECTRICITY, GAS, AND OTHER FUELS",9.0
February,"05 - FURNISHINGS, HOUSEHOLD EQUIPMENT AND ROUTINE HOUSEHOLD MAINTENANCE",8.6
February,06 - HEALTH,6.2
February,07 - TRANSPORT,6.0
February,08 - INFORMATION AND COMMUNICATION,0.9
February,"09 - RECREATION, SPORT AND CULTURE",4.0
February,10 - EDUCATION SERVICES,2.9
February,11 - RESTAURANTS AND ACCOMMODATION SERVICES,5.4
February,12 - FINANCIAL SERVICES,0.0
February,"13 - PERSONAL CARE, AND MISCELLANEOUS GOODS AND SERVICES",6.5
March,0 - ALL ITEMS,6.7
March,01 - FOOD AND NON-ALCOHOLIC BEVERAGES,9.6
March,02 - ALCOHOLIC BEVERAGES AND TOBACCO,9.0
March,03 - CLOTHING AND FOOTWEAR,6.0
March,"04 - HOUSING, WATER, ELECTRICITY, GAS, AND OTHER FUELS",5.1
March,"05 - FURNISHINGS, HOUSEHOLD EQUIPMENT AND ROUTINE HOUSEHOLD MAINTENANCE",9.0
March,06 - HEALTH,6.1
March,07 - TRANSPORT,1.5
March,08 - INFORMATION AND COMMUNICATION,1.0
March,"09 - RECREATION, SPORT AND CULTURE",4.4
March,10 - EDUCATION SERVICES,2.9
March,11 - RESTAURANTS AND ACCOMMODATION SERVICES,5.0
March,12 - FINANCIAL SERVICES,0.0
March,"13 - PERSONAL CARE, AND MISCELLANEOUS GOODS AND SERVICES",7.3
April,0 - ALL ITEMS,5.9
April,01 - FOOD AND NON-ALCOHOLIC BEVERAGES,8.2
April,02 - ALCOHOLIC BEVERAGES AND TOBACCO,10.0
April,03 - CLOTHING AND FOOTWEAR,6.2
April,"04 - HOUSING, WATER, ELECTRICITY, GAS, AND OTHER FUELS",5.7
April,"05 - FURNISHINGS, HOUSEHOLD EQUIPMENT AND ROUTINE HOUSEHOLD MAINTENANCE",8.9
April,06 - HEALTH,6.2
April,07 - TRANSPORT,-1.9
April,08 - INFORMATION AND COMMUNICATION,0.9
April,"09 - RECREATION, SPORT AND CULTURE",4.2
April,10 - EDUCATION SERVICES,2.9
April,11 - RESTAURANTS AND ACCOMMODATION SERVICES,4.8
April,12 - FINANCIAL SERVICES,0.0
April,"13 - PERSONAL CARE, AND MISCELLANEOUS GOODS AND SERVICES",6.9
May,0 - ALL ITEMS,5.2
May,01 - FOOD AND NON-ALCOHOLIC BEVERAGES,7.7
May,02 - ALCOHOLIC BEVERAGES AND TOBACCO,9.3
May,03 - CLOTHING AND FOOTWEAR,6.1
May,"04 - HOUSING, WATER, ELECTRICITY, GAS, AND OTHER FUELS",4.2
May,"05 - FURNISHINGS, HOUSEHOLD EQUIPMENT AND ROUTINE HOUSEHOLD MAINTENANCE",8.8
May,06 - HEALTH,5.9
May,07 - TRANSPORT,-4.9
May,08 - INFORMATION AND COMMUNICATION,0.9
May,"09 - RECREATION, SPORT AND CULTURE",3.8
May,10 - EDUCATION SERVICES,2.9
May,11 - RESTAURANTS AND ACCOMMODATION SERVICES,4.8
May,12 - FINANCIAL SERVICES,0.0
May,"13 - PERSONAL CARE, AND MISCELLANEOUS GOODS AND SERVICES",6.8
June,0 - ALL ITEMS,4.3
June,01 - FOOD AND NON-ALCOHOLIC BEVERAGES,7.1
June,02 - ALCOHOLIC BEVERAGES AND TOBACCO,9.0
June,03 - CLOTHING AND FOOTWEAR,5.9
June,"04 - HOUSING, WATER, ELECTRICITY, GAS, AND OTHER FUELS",2.4
June,"05 - FURNISHINGS, HOUSEHOLD EQUIPMENT AND ROUTINE HOUSEHOLD MAINTENANCE",8.7
June,06 - HEALTH,5.9
June,07 - TRANSPORT,-8.4
June,08 - INFORMATION AND COMMUNICATION,0.8
June,"09 - RECREATION, SPORT AND CULTURE",3.3
June,10 - EDUCATION SERVICES,2.9
June,11 - RESTAURANTS AND ACCOMMODATION SERVICES,4.8
June,12 - FINANCIAL SERVICES,0.0
June,"13 - PERSONAL CARE, AND MISCELLANEOUS GOODS AND SERVICES",6.7
July,0 - ALL ITEMS,3.6
July,01 - FOOD AND NON-ALCOHOLIC BEVERAGES,6.4
July,02 - ALCOHOLIC BEVERAGES AND TOBACCO,9.2
July,03 - CLOTHING AND FOOTWEAR,5.3
July,"04 - HOUSING, WATER, ELECTRICITY, GAS, AND OTHER FUELS",1.0
July,"05 - FURNISHINGS, HOUSEHOLD EQUIPMENT AND ROUTINE HOUSEHOLD MAINTENANCE",8.6
July,06 - HEALTH,5.7
July,07 - TRANSPORT,-9.1
July,08 - INFORMATION AND COMMUNICATION,0.8
July,"09 - RECREATION, SPORT AND CULTURE",3.2
July,10 - EDUCATION SERVICES,2.9
July,11 - RESTAURANTS AND ACCOMMODATION SERVICES,4.6
July,12 - FINANCIAL SERVICES,0.0
July,"13 - PERSONAL CARE, AND MISCELLANEOUS GOODS AND SERVICES",6.6
August,0 - ALL ITEMS,4.6
August,01 - FOOD AND NON-ALCOHOLIC BEVERAGES,10.6
August,02 - ALCOHOLIC BEVERAGES AND TOBACCO,7.8
August,03 - CLOTHING AND FOOTWEAR,5.1
August,"04 - HOUSING, WATER, ELECTRICITY, GAS, AND OTHER FUELS",-4.6
August,"05 - FURNISHINGS, HOUSEHOLD EQUIPMENT AND ROUTINE HOUSEHOLD MAINTENANCE",8.3
August,06 - HEALTH,4.9
August,07 - TRANSPORT,-1.7
August,08 - INFORMATION AND COMMUNICATION,0.6
August,"09 - RECREATION, SPORT AND CULTURE",2.7
August,10 - EDUCATION SERVICES,4.1
August,11 - RESTAURANTS AND ACCOMMODATION SERVICES,3.3
August,12 - FINANCIAL SERVICES,0.0
August,"13 - PERSONAL CARE, AND MISCELLANEOUS GOODS AND SERVICES",5.8
September,0 - ALL ITEMS,5.1
September,01 - FOOD AND NON-ALCOHOLIC BEVERAGES,12.7
September,02 - ALCOHOLIC BEVERAGES AND TOBACCO,7.8
September,03 - CLOTHING AND FOOTWEAR,5.0
September,"04 - HOUSING, WATER, ELECTRICITY, GAS, AND OTHER FUELS",-5.3
September,"05 - FURNISHINGS, HOUSEHOLD EQUIPMENT AND ROUTINE HOUSEHOLD MAINTENANCE",7.6
September,06 - HEALTH,3.4
September,07 - TRANSPORT,-0.6
September,08 - INFORMATION AND COMMUNICATION,0.4
September,"09 - RECREATION, SPORT AND CULTURE",2.4
September,10 - EDUCATION SERVICES,2.1
September,11 - RESTAURANTS AND ACCOMMODATION SERVICES,3.3
September,12 - FINANCIAL SERVICES,0.0
September,"13 - PERSONAL CARE, AND MISCELLANEOUS GOODS AND SERVICES",5.3
October,0 - ALL ITEMS,3.7
October,01 - FOOD AND NON-ALCOHOLIC BEVERAGES,8.9
October,02 - ALCOHOLIC BEVERAGES AND TOBACCO,7.6
October,03 - CLOTHING AND FOOTWEAR,4.8
October,"04 - HOUSING, WATER, ELECTRICITY, GAS, AND OTHER FUELS",-5.8
October,"05 - FURNISHINGS, HOUSEHOLD EQUIPMENT AND ROUTINE HOUSEHOLD MAINTENANCE",7.1
October,06 - HEALTH,3.5
October,07 - TRANSPORT,0.8
October,08 - INFORMATION AND COMMUNICATION,0.4
October,"09 - RECREATION, SPORT AND CULTURE",2.5
October,10 - EDUCATION SERVICES,2.1
October,11 - RESTAURANTS AND ACCOMMODATION SERVICES,3.3
October,12 - FINANCIAL SERVICES,0.0
October,"13 - PERSONAL CARE, AND MISCELLANEOUS GOODS AND SERVICES",5.2
November,0 - ALL ITEMS,2.9
November,01 - FOOD AND NON-ALCOHOLIC BEVERAGES,7.2
November,02 - ALCOHOLIC BEVERAGES AND TOBACCO,7.4
November,03 - CLOTHING AND FOOTWEAR,4.2
November,"04 - HOUSING, WATER, ELECTRICITY, GAS, AND OTHER FUELS",-5.1
November,"05 - FURNISHINGS, HOUSEHOLD EQUIPMENT AND ROUTINE HOUSEHOLD MAINTENANCE",6.6
November,06 - HEALTH,2.9
November,07 - TRANSPORT,-1.3
November,08 - INFORMATION AND COMMUNICATION,0.4
November,"09 - RECREATION, SPORT AND CULTURE",2.3
November,10 - EDUCATION SERVICES,2.1
November,11 - RESTAURANTS AND ACCOMMODATION SERVICES,2.9
November,12 - FINANCIAL SERVICES,0.0
November,"13 - PERSONAL CARE, AND MISCELLANEOUS GOODS AND SERVICES",4.0
December,0 - ALL ITEMS,2.3
December,01 - FOOD AND NON-ALCOHOLIC BEVERAGES,5.5
December,02 - ALCOHOLIC BEVERAGES AND TOBACCO,7.6
December,03 - CLOTHING AND FOOTWEAR,4.2
December,"04 - HOUSING, WATER, ELECTRICITY, GAS, AND OTHER FUELS",-5.5
December,"05 - FURNISHINGS, HOUSEHOLD EQUIPMENT AND ROUTINE HOUSEHOLD MAINTENANCE",6.4
December,06 - HEALTH,2.0
December,07 - TRANSPORT,-1.2
December,08 - INFORMATION AND COMMUNICATION,0.4
December,"09 - RECREATION, SPORT AND CULTURE",1.3
December,10 - EDUCATION SERVICES,2.1
December,11 - RESTAURANTS AND ACCOMMODATION SERVICES,2.9
December,12 - FINANCIAL SERVICES,0.0
December,"13 - PERSONAL CARE, AND MISCELLANEOUS GOODS AND SERVICES",4.1