Month,Commodity Group,Inflation
January,0 - ALL ITEMS,8.4
January,01 - FOOD AND NON-ALCOHOLIC BEVERAGES,12.1
January,02 - ALCOHOLIC BEVERAGES AND TOBACCO,5.9
January,03 - CLOTHING AND FOOTWEAR,3.3
January,"04 - HOUSING, WATER, ELECTRICITY, GAS, AND OTHER FUELS",5.3
January,"05 - FURNISHINGS, HOUSEHOLD EQUIPMENT AND ROUTINE HOUSEHOLD MAINTENANCE",4.3
January,06 - HEALTH,2.8
January,07 - TRANSPORT,9.4
January,08 - INFORMATION AND COMMUNICATION,0.7
January,"09 - RECREATION, SPORT AND CULTURE",2.0
January,10 - EDUCATION SERVICES,1.6
January,11 - RESTAURANTS AND ACCOMMODATION SERVICES,8.2
January,12 - FINANCIAL SERVICES,0.0
January,"13 - PERSONAL CARE, AND MISCELLANEOUS GOODS AND SERVICES",5.6
February,0 - ALL ITEMS,8.0
February,01 - FOOD AND NON-ALCOHOLIC BEVERAGES,11.8
February,02 - ALCOHOLIC BEVERAGES AND TOBACCO,5.7
February,03 - CLOTHING AND FOOTWEAR,4.5
February,"04 - HOUSING, WATER, ELECTRICITY, GAS, AND OTHER FUELS",5.3
February,"05 - FURNISHINGS, HOUSEHOLD EQUIPMENT AND ROUTINE HOUSEHOLD MAINTENANCE",4.5
February,06 - HEALTH,2.9
February,07 - TRANSPORT,7.7
February,08 - INFORMATION AND COMMUNICATION,0.9
February,"09 - RECREATION, SPORT AND CULTURE",2.1
February,10 - EDUCATION SERVICES,1.6
February,11 - RESTAURANTS AND ACCOMMODATION SERVICES,7.2
February,12 - FINANCIAL SERVICES,0.0
February,"13 - PERSONAL CARE, AND MISCELLANEOUS GOODS AND SERVICES",5.5
March,0 - ALL ITEMS,7.4
March,01 - FOOD AND NON-ALCOHOLIC BEVERAGES,10.9
March,02 - ALCOHOLIC BEVERAGES AND TOBACCO,6.5
March,03 - CLOTHING AND FOOTWEAR,5.4
March,"04 - HOUSING, WATER, ELECTRICITY, GAS, AND OTHER FUELS",5.0
March,"05 - FURNISHINGS, HOUSEHOLD EQUIPMENT AND ROUTINE HOUSEHOLD MAINTENANCE",4.5
March,06 - HEALTH,3.5
March,07 - TRANSPORT,3.5
March,08 - INFORMATION AND COMMUNICATION,1.2
March,"09 - RECREATION, SPORT AND CULTURE",2.4
March,10 - EDUCATION SERVICES,1.6
March,11 - RESTAURANTS AND ACCOMMODATION SERVICES,8.5
March,12 - FINANCIAL SERVICES,0.0
March,"13 - PERSONAL CARE, AND MISCELLANEOUS GOODS AND SERVICES",5.8
April,0 - ALL ITEMS,6.4
April,01 - FOOD AND NON-ALCOHOLIC BEVERAGES,9.6
April,02 - ALCOHOLIC BEVERAGES AND TOBACCO,7.2
April,03 - CLOTHING AND FOOTWEAR,5.7
April,"04 - HOUSING, WATER, ELECTRICITY, GAS, AND OTHER FUELS",4.0
April,"05 - FURNISHINGS, HOUSEHOLD EQUIPMENT AND ROUTINE HOUSEHOLD MAINTENANCE",4.0
April,06 - HEALTH,3.4
April,07 - TRANSPORT,0.6
April,08 - INFORMATION AND COMMUNICATION,1.2
April,"09 - RECREATION, SPORT AND CULTURE",2.4
April,10 - EDUCATION SERVICES,1.6
April,11 - RESTAURANTS AND ACCOMMODATION SERVICES,8.4
April,12 - FINANCIAL SERVICES,0.0
April,"13 - PERSONAL CARE, AND MISCELLANEOUS GOODS AND SERVICES",5.9
May,0 - ALL ITEMS,6.0
May,01 - FOOD AND NON-ALCOHOLIC BEVERAGES,9.0
May,02 - ALCOHOLIC BEVERAGES AND TOBACCO,7.4
May,03 - CLOTHING AND FOOTWEAR,5.5
May,"04 - HOUSING, WATER, ELECTRICITY, GAS, AND OTHER FUELS",4.5
May,"05 - FURNISHINGS, HOUSEHOLD EQUIPMENT AND ROUTINE HOUSEHOLD MAINTENANCE",4.1
May,06 - HEALTH,3.0
May,07 - TRANSPORT,-2.3
May,08 - INFORMATION AND COMMUNICATION,0.9
May,"09 - RECREATION, SPORT AND CULTURE",2.2
May,10 - EDUCATION SERVICES,1.6
May,11 - RESTAURANTS AND ACCOMMODATION SERVICES,8.3
May,12 - FINANCIAL SERVICES,0.0
May,"13 - PERSONAL CARE, AND MISCELLANEOUS GOODS AND SERVICES",6.0
June,0 - ALL ITEMS,5.2
June,01 - FOOD AND NON-ALCOHOLIC BEVERAGES,8.7
June,02 - ALCOHOLIC BEVERAGES AND TOBACCO,7.6
June,03 - CLOTHING AND FOOTWEAR,5.5
June,"04 - HOUSING, WATER, ELECTRICITY, GAS, AND OTHER FUELS",3.4
June,"05 - FURNISHINGS, HOUSEHOLD EQUIPMENT AND ROUTINE HOUSEHOLD MAINTENANCE",4.0
June,06 - HEALTH,2.8
June,07 - TRANSPORT,-5.7
June,08 - INFORMATION AND COMMUNICATION,0.9
June,"09 - RECREATION, SPORT AND CULTURE",2.3
June,10 - EDUCATION SERVICES,1.6
June,11 - RESTAURANTS AND ACCOMMODATION SERVICES,8.3
June,12 - FINANCIAL SERVICES,0.0
June,"13 - PERSONAL CARE, AND MISCELLANEOUS GOODS AND SERVICES",5.9
July,0 - ALL ITEMS,4.0
July,01 - FOOD AND NON-ALCOHOLIC BEVERAGES,7.5
July,02 - ALCOHOLIC BEVERAGES AND TOBACCO,6.6
July,03 - CLOTHING AND FOOTWEAR,5.4
July,"04 - HOUSING, WATER, ELECTRICITY, GAS, AND OTHER FUELS",2.0
July,"05 - FURNISHINGS, HOUSEHOLD EQUIPMENT AND ROUTINE HOUSEHOLD MAINTENANCE",3.9
July,06 - HEALTH,1.9
July,07 - TRANSPORT,-7.9
July,08 - INFORMATION AND COMMUNICATION,1.0
July,"09 - RECREATION, SPORT AND CULTURE",1.9
July,10 - EDUCATION SERVICES,1.6
July,11 - RESTAURANTS AND ACCOMMODATION SERVICES,6.8
July,12 - FINANCIAL SERVICES,0.0
July,"13 - PERSONAL CARE, AND MISCELLANEOUS GOODS AND SERVICES",5.6
August,0 - ALL ITEMS,5.0
August,01 - FOOD AND NON-ALCOHOLIC BEVERAGES,9.1
August,02 - ALCOHOLIC BEVERAGES AND TOBACCO,6.5
August,03 - CLOTHING AND FOOTWEAR,5.5
August,"04 - HOUSING, WATER, ELECTRICITY, GAS, AND OTHER FUELS",0.4
August,"05 - FURNISHINGS, HOUSEHOLD EQUIPMENT AND ROUTINE HOUSEHOLD MAINTENANCE",3.9
August,06 - HEALTH,1.9
August,07 - TRANSPORT,-1.5
August,08 - INFORMATION AND COMMUNICATION,1.3
August,"09 - RECREATION, SPORT AND CULTURE",2.8
August,10 - EDUCATION SERVICES,3.4
August,11 - RESTAURANTS AND ACCOMMODATION SERVICES,6.6
August,12 - FINANCIAL SERVICES,0.0
August,"13 - PERSONAL CARE, AND MISCELLANEOUS GOODS AND SERVICES",5.4
September,0 - ALL ITEMS,6.7
September,01 - FOOD AND NON-ALCOHOLIC BEVERAGES,13.2
September,02 - ALCOHOLIC BEVERAGES AND TOBACCO,6.4
September,03 - CLOTHING AND FOOTWEAR,5.2
September,"04 - HOUSING, WATER, ELECTRICITY, GAS, AND OTHER FUELS",0.3
September,"05 - FURNISHINGS, HOUSEHOLD EQUIPMENT AND ROUTINE HOUSEHOLD MAINTENANCE",3.1
September,06 - HEALTH,1.5
September,07 - TRANSPORT,0.0
September,08 - INFORMATION AND COMMUNICATION,1.4
September,"09 - RECREATION, SPORT AND CULTURE",2.9
September,10 - EDUCATION SERVICES,2.4
September,11 - RESTAURANTS AND ACCOMMODATION SERVICES,4.6
September,12 - FINANCIAL SERVICES,0.0
September,"13 - PERSONAL CARE, AND MISCELLANEOUS GOODS AND SERVICES",4.8
October,0 - ALL ITEMS,5.8
October,01 - FOOD AND NON-ALCOHOLIC BEVERAGES,10.1
October,02 - ALCOHOLIC BEVERAGES AND TOBACCO,6.5
October,03 - CLOTHING AND FOOTWEAR,5.1
October,"04 - HOUSING, WATER, ELECTRICITY, GAS, AND OTHER FUELS",1.2
October,"05 - FURNISHINGS, HOUSEHOLD EQUIPMENT AND ROUTINE HOUSEHOLD MAINTENANCE",3.3
October,06 - HEALTH,1.5
October,07 - TRANSPORT,0.6
October,08 - INFORMATION AND COMMUNICATION,1.5
October,"09 - RECREATION, SPORT AND CULTURE",3.2
October,10 - EDUCATION SERVICES,2.4
October,11 - RESTAURANTS AND ACCOMMODATION SERVICES,4.1
October,12 - FINANCIAL SERVICES,0.0
October,"13 - PERSONAL CARE, AND MISCELLANEOUS GOODS AND SERVICES",5.2
November,0 - ALL ITEMS,4.7
November,01 - FOOD AND NON-ALCOHOLIC BEVERAGES,8.6
November,02 - ALCOHOLIC BEVERAGES AND TOBACCO,6.4
November,03 - CLOTHING AND FOOTWEAR,4.9
November,"04 - HOUSING, WATER, ELECTRICITY, GAS, AND OTHER FUELS",0.9
November,"05 - FURNISHINGS, HOUSEHOLD EQUIPMENT AND ROUTINE HOUSEHOLD MAINTENANCE",3.4
November,06 - HEALTH,1.5
November,07 - TRANSPORT,-0.8
November,08 - INFORMATION AND COMMUNICATION,1.4
November,"09 - RECREATION, SPORT AND CULTURE",3.4
November,10 - EDUCATION SERVICES,2.4
November,11 - RESTAURANTS AND ACCOMMODATION SERVICES,2.7
November,12 - FINANCIAL SERVICES,0.0
November,"13 - PERSONAL CARE, AND MISCELLANEOUS GOODS AND SERVICES",5.1
December,0 - ALL ITEMS,4.8
December,01 - FOOD AND NON-ALCOHOLIC BEVERAGES,9.2
December,02 - ALCOHOLIC BEVERAGES AND TOBACCO,6.7
December,03 - CLOTHING AND FOOTWEAR,4.7
December,"04 - HOUSING, WATER, ELECTRICITY, GAS, AND OTHER FUELS",0.6
December,"05 - FURNISHINGS, HOUSEHOLD EQUIPMENT AND ROUTINE HOUSEHOLD MAINTENANCE",2.9
December,06 - HEALTH,1.7
December,07 - TRANSPORT,-1.6
December,08 - INFORMATION AND COMMUNICATION,1.1
December,"09 - RECREATION, SPORT AND CULTURE",3.0
December,10 - EDUCATION SERVICES,2.5
December,11 - RESTAURANTS AND ACCOMMODATION SERVICES,2.5
December,12 - FINANCIAL SERVICES,0.0
December,"13 - PERSONAL CARE, AND MISCELLANEOUS GOODS AND SERVICES",5.1