Month,Commodity Group,Inflation
January,0 - ALL ITEMS,8.5
January,01 - FOOD AND NON-ALCOHOLIC BEVERAGES,8.1
January,02 - ALCOHOLIC BEVERAGES AND TOBACCO,8.6
January,03 - CLOTHING AND FOOTWEAR,3.1
January,"04 - HOUSING, WATER, ELECTRICITY, GAS, AND OTHER FUELS",10.1
January,"05 - FURNISHINGS, HOUSEHOLD EQUIPMENT AND ROUTINE HOUSEHOLD MAINTENANCE",5.8
January,06 - HEALTH,2.7
January,07 - TRANSPORT,11.4
January,08 - INFORMATION AND COMMUNICATION,1.1
January,"09 - RECREATION, SPORT AND CULTURE",4.5
January,10 - EDUCATION SERVICES,2.6
January,11 - RESTAURANTS AND ACCOMMODATION SERVICES,17.4
January,12 - FINANCIAL SERVICES,0.0
January,"13 - PERSONAL CARE, AND MISCELLANEOUS GOODS AND SERVICES",4.5
February,0 - ALL ITEMS,9.9
February,01 - FOOD AND NON-ALCOHOLIC BEVERAGES,11.5
February,02 - ALCOHOLIC BEVERAGES AND TOBACCO,8.9
February,03 - CLOTHING AND FOOTWEAR,3.0
February,"04 - HOUSING, WATER, ELECTRICITY, GAS, AND OTHER FUELS",9.1
February,"05 - FURNISHINGS, HOUSEHOLD EQUIPMENT AND ROUTINE HOUSEHOLD MAINTENANCE",5.8
February,06 - HEALTH,4.0
February,07 - TRANSPORT,9.5
February,08 - INFORMATION AND COMMUNICATION,1.0
February,"09 - RECREATION, SPORT AND CULTURE",4.7
February,10 - EDUCATION SERVICES,2.6
February,11 - RESTAURANTS AND ACCOMMODATION SERVICES,17.4
February,12 - FINANCIAL SERVICES,0.0
February,"13 - PERSONAL CARE, AND MISCELLANEOUS GOODS AND SERVICES",4.7
March,0 - ALL ITEMS,9.0
March,01 - FOOD AND NON-ALCOHOLIC BEVERAGES,10.8
March,02 - ALCOHOLIC BEVERAGES AND TOBACCO,8.1
March,03 - CLOTHING AND FOOTWEAR,3.3
March,"04 - HOUSING, WATER, ELECTRICITY, GAS, AND OTHER FUELS",7.8
March,"05 - FURNISHINGS, HOUSEHOLD EQUIPMENT AND ROUTINE HOUSEHOLD MAINTENANCE",5.2
March,06 - HEALTH,3.9
March,07 - TRANSPORT,5.6
March,08 - INFORMATION AND COMMUNICATION,1.0
March,"09 - RECREATION, SPORT AND CULTURE",4.4
March,10 - EDUCATION SERVICES,2.6
March,11 - RESTAURANTS AND ACCOMMODATION SERVICES,16.2
March,12 - FINANCIAL SERVICES,0.0
March,"13 - PERSONAL CARE, AND MISCELLANEOUS GOODS AND SERVICES",4.9
April,0 - ALL ITEMS,6.4
April,01 - FOOD AND NON-ALCOHOLIC BEVERAGES,7.4
April,02 - ALCOHOLIC BEVERAGES AND TOBACCO,7.8
April,03 - CLOTHING AND FOOTWEAR,3.2
April,"04 - HOUSING, WATER, ELECTRICITY, GAS, AND OTHER FUELS",5.2
April,"05 - FURNISHINGS, HOUSEHOLD EQUIPMENT AND ROUTINE HOUSEHOLD MAINTENANCE",4.5
April,06 - HEALTH,4.1
April,07 - TRANSPORT,3.0
April,08 - INFORMATION AND COMMUNICATION,0.8
April,"09 - RECREATION, SPORT AND CULTURE",3.8
April,10 - EDUCATION SERVICES,2.6
April,11 - RESTAURANTS AND ACCOMMODATION SERVICES,13.3
April,12 - FINANCIAL SERVICES,0.0
April,"13 - PERSONAL CARE, AND MISCELLANEOUS GOODS AND SERVICES",4.4
May,0 - ALL ITEMS,5.9
May,01 - FOOD AND NON-ALCOHOLIC BEVERAGES,7.5
May,02 - ALCOHOLIC BEVERAGES AND TOBACCO,7.2
May,03 - CLOTHING AND FOOTWEAR,3.1
May,"04 - HOUSING, WATER, ELECTRICITY, GAS, AND OTHER FUELS",5.0
May,"05 - FURNISHINGS, HOUSEHOLD EQUIPMENT AND ROUTINE HOUSEHOLD MAINTENANCE",4.3
May,06 - HEALTH,4.0
May,07 - TRANSPORT,-0.7
May,08 - INFORMATION AND COMMUNICATION,1.0
May,"09 - RECREATION, SPORT AND CULTURE",4.3
May,10 - EDUCATION SERVICES,2.6
May,11 - RESTAURANTS AND ACCOMMODATION SERVICES,10.2
May,12 - FINANCIAL SERVICES,0.0
May,"13 - PERSONAL CARE, AND MISCELLANEOUS GOODS AND SERVICES",4.3
June,0 - ALL ITEMS,4.6
June,01 - FOOD AND NON-ALCOHOLIC BEVERAGES,6.3
June,02 - ALCOHOLIC BEVERAGES AND TOBACCO,6.6
June,03 - CLOTHING AND FOOTWEAR,2.9
June,"04 - HOUSING, WATER, ELECTRICITY, GAS, AND OTHER FUELS",3.6
June,"05 - FURNISHINGS, HOUSEHOLD EQUIPMENT AND ROUTINE HOUSEHOLD MAINTENANCE",4.2
June,06 - HEALTH,4.0
June,07 - TRANSPORT,-4.8
June,08 - INFORMATION AND COMMUNICATION,0.9
June,"09 - RECREATION, SPORT AND CULTURE",4.2
June,10 - EDUCATION SERVICES,2.6
June,11 - RESTAURANTS AND ACCOMMODATION SERVICES,9.8
June,12 - FINANCIAL SERVICES,0.0
June,"13 - PERSONAL CARE, AND MISCELLANEOUS GOODS AND SERVICES",4.0
July,0 - ALL ITEMS,3.0
July,01 - FOOD AND NON-ALCOHOLIC BEVERAGES,4.5
July,02 - ALCOHOLIC BEVERAGES AND TOBACCO,5.5
July,03 - CLOTHING AND FOOTWEAR,2.5
July,"04 - HOUSING, WATER, ELECTRICITY, GAS, AND OTHER FUELS",1.1
July,"05 - FURNISHINGS, HOUSEHOLD EQUIPMENT AND ROUTINE HOUSEHOLD MAINTENANCE",3.3
July,06 - HEALTH,3.9
July,07 - TRANSPORT,-6.8
July,08 - INFORMATION AND COMMUNICATION,0.8
July,"09 - RECREATION, SPORT AND CULTURE",3.3
July,10 - EDUCATION SERVICES,2.6
July,11 - RESTAURANTS AND ACCOMMODATION SERVICES,7.9
July,12 - FINANCIAL SERVICES,0.0
July,"13 - PERSONAL CARE, AND MISCELLANEOUS GOODS AND SERVICES",3.2
August,0 - ALL ITEMS,4.3
August,01 - FOOD AND NON-ALCOHOLIC BEVERAGES,7.1
August,02 - ALCOHOLIC BEVERAGES AND TOBACCO,5.6
August,03 - CLOTHING AND FOOTWEAR,2.7
August,"04 - HOUSING, WATER, ELECTRICITY, GAS, AND OTHER FUELS",-1.6
August,"05 - FURNISHINGS, HOUSEHOLD EQUIPMENT AND ROUTINE HOUSEHOLD MAINTENANCE",3.5
August,06 - HEALTH,4.2
August,07 - TRANSPORT,-0.4
August,08 - INFORMATION AND COMMUNICATION,0.8
August,"09 - RECREATION, SPORT AND CULTURE",4.0
August,10 - EDUCATION SERVICES,5.9
August,11 - RESTAURANTS AND ACCOMMODATION SERVICES,6.2
August,12 - FINANCIAL SERVICES,0.0
August,"13 - PERSONAL CARE, AND MISCELLANEOUS GOODS AND SERVICES",3.4
September,0 - ALL ITEMS,5.4
September,01 - FOOD AND NON-ALCOHOLIC BEVERAGES,10.5
September,02 - ALCOHOLIC BEVERAGES AND TOBACCO,5.2
September,03 - CLOTHING AND FOOTWEAR,2.4
September,"04 - HOUSING, WATER, ELECTRICITY, GAS, AND OTHER FUELS",-3.9
September,"05 - FURNISHINGS, HOUSEHOLD EQUIPMENT AND ROUTINE HOUSEHOLD MAINTENANCE",3.0
September,06 - HEALTH,4.1
September,07 - TRANSPORT,0.1
September,08 - INFORMATION AND COMMUNICATION,0.8
September,"09 - RECREATION, SPORT AND CULTURE",3.1
September,10 - EDUCATION SERVICES,8.2
September,11 - RESTAURANTS AND ACCOMMODATION SERVICES,4.6
September,12 - FINANCIAL SERVICES,0.0
September,"13 - PERSONAL CARE, AND MISCELLANEOUS GOODS AND SERVICES",3.1
October,0 - ALL ITEMS,4.4
October,01 - FOOD AND NON-ALCOHOLIC BEVERAGES,8.9
October,02 - ALCOHOLIC BEVERAGES AND TOBACCO,4.2
October,03 - CLOTHING AND FOOTWEAR,2.5
October,"04 - HOUSING, WATER, ELECTRICITY, GAS, AND OTHER FUELS",-5.2
October,"05 - FURNISHINGS, HOUSEHOLD EQUIPMENT AND ROUTINE HOUSEHOLD MAINTENANCE",3.3
October,06 - HEALTH,3.9
October,07 - TRANSPORT,2.2
October,08 - INFORMATION AND COMMUNICATION,1.5
October,"09 - RECREATION, SPORT AND CULTURE",3.4
October,10 - EDUCATION SERVICES,8.2
October,11 - RESTAURANTS AND ACCOMMODATION SERVICES,2.5
October,12 - FINANCIAL SERVICES,0.0
October,"13 - PERSONAL CARE, AND MISCELLANEOUS GOODS AND SERVICES",3.1
November,0 - ALL ITEMS,4.3
November,01 - FOOD AND NON-ALCOHOLIC BEVERAGES,8.7
November,02 - ALCOHOLIC BEVERAGES AND TOBACCO,4.3
November,03 - CLOTHING AND FOOTWEAR,2.1
November,"04 - HOUSING, WATER, ELECTRICITY, GAS, AND OTHER FUELS",-4.0
November,"05 - FURNISHINGS, HOUSEHOLD EQUIPMENT AND ROUTINE HOUSEHOLD MAINTENANCE",2.5
November,06 - HEALTH,3.6
November,07 - TRANSPORT,0.4
November,08 - INFORMATION AND COMMUNICATION,1.1
November,"09 - RECREATION, SPORT AND CULTURE",3.1
November,10 - EDUCATION SERVICES,8.2
November,11 - RESTAURANTS AND ACCOMMODATION SERVICES,1.6
November,12 - FINANCIAL SERVICES,0.0
November,"13 - PERSONAL CARE, AND MISCELLANEOUS GOODS AND SERVICES",3.0
December,0 - ALL ITEMS,3.7
December,01 - FOOD AND NON-ALCOHOLIC BEVERAGES,7.9
December,02 - ALCOHOLIC BEVERAGES AND TOBACCO,4.3
December,03 - CLOTHING AND FOOTWEAR,1.9
December,"04 - HOUSING, WATER, ELECTRICITY, GAS, AND OTHER FUELS",-5.0
December,"05 - FURNISHINGS, HOUSEHOLD EQUIPMENT AND ROUTINE HOUSEHOLD MAINTENANCE",2.4
December,06 - HEALTH,3.6
December,07 - TRANSPORT,0.4
December,08 - INFORMATION AND COMMUNICATION,1.1
December,"09 - RECREATION, SPORT AND CULTURE",2.8
December,10 - EDUCATION SERVICES,8.2
December,11 - RESTAURANTS AND ACCOMMODATION SERVICES,1.6
December,12 - FINANCIAL SERVICES,0.0
December,"13 - PERSONAL CARE, AND MISCELLANEOUS GOODS AND SERVICES",2.8